,smiles,LogP,model
0,CS(=O)(=O)c1ccc(CCn2c(C(COc3nc(-c4ccc(Cl)cc4)oc3-c3cc(Cl)sc3)nc3c(C#N)c(C#N)c(-c4ccccc4)nc32)C(C)(O)C2CC2)cc1,0.0,pre
1,O=C(O)c1cncc(N2CCC3CNC3C2)n1,-0.0271,pre
2,COc1ccccc1-c1nccc2cc(S(=O)(=O)Nc3nccs3)ccc12,4.1677,pre
3,O=[N+]([O-])C=Nc1ccccc1,1.6231,pre
4,Cc1ccc(Cn2cc(CSc3nc(-c4ccc(Br)cc4)cc(-c4ccccc4)c3C#N)c(C#N)c2-c2ccccc2)cc1,10.03898,pre
5,CC1CN(c2nnsn2)CCO1,0.1582,pre
6,O=C(c1c(Cc2ccccc2)c2ccccc2n1-c1cccc([N+](=O)[O-])c1,0.0,pre
7,CN(CC(CCN1CCC(C#N)CC1)c1ccncc1)Cc1ccccc1,3.92288,pre
8,O=C(NO)C(CNS(=O)(=O)c1cccc2nsnc12)NC(=O)CCCN1CCOCC1,-0.9278,pre
9,Cn1c(N2CCOCC2Nc2ncccc2-c2cncnc2)cc(-c2ncccn2)n1,2.0039,pre
10,c1nc2n(n1)CC(NCc1nc(-c3cccs3)no1)CC2,1.4942,pre
11,CC(C=NNC(=O)COc1ccccc1C(=O)CCc1ccccc1)=NNc1ccccc1[N+](=O)[O-],4.3791,pre
12,CN1CCN(c2cc[nH]n2)CC1C(=O)Nc1ccccn1,0.5638,pre
13,Cc1cc(N2C(=O)CCC2=O)cc(C)c1Br,2.71934,pre
14,Cc1cnn(CCC2NC(C(=O)NCCCN)C(N)C2O)c1,-1.92478,pre
15,CCOC(=O)c1cc2cc(-c3ccc(Cl)cc3)cnc2[nH]1,4.06,pre
16,CCOC(=O)Cn1c2ccccc2c(=O)n1C(=O)OCC,1.3707,pre
17,NC1CCC(NC(=O)C=Cc2ccccc2)CC1,2.0859,pre
18,O=[N+]([O-])c1cc(N=Nc2ccc([N+](=O)[O-])cc2[N+](=O)[O-])cc([N+](=O)[O-])c1,3.7348,pre
19,Cc1ccc2nc(CN3CCN(C(=O)c4ccc(F)cc4)CC3)cc(C(F)(F)F)c2c1,4.65912,pre
20,Cc1ccc(S(=O)(=O)NN=Cc2ccc(C(C)C)cc2)cc1,3.43082,pre
21,CCn1cc(CCC(=O)Nc2sccc2C(N)=O)nc1-c1cccs1,3.3632,pre
22,COc1ccc(CN2CCC(CNC(=O)c3ccc(-c4cccc(C(F)(F)F)c4)s3)CC2)cc1F,6.2236,pre
23,N=C(N)c1cccnc1Oc1cccc(Nc2c(NS(=O)(=O)c3ccc(Br)cc3)CC3CC23)c1,4.56227,pre
24,Nc1ccc(COc2ccc3c(C(=O)O)cc(=O)oc3c2)cc1,2.6524,pre
25,NC(=O)n1cc(NC(=O)N2C(C(=O)Nc3ccc(F)c(Br)c3)CC3CC32)c2cc(O)ccc21,3.8087,pre
26,CC(O)C1C(=O)N2C(C(=O)O)=C(c3ccc4c(c3)-c3ccc(C[N+]56CC[N+](CC(=O)Nc7ccncc7)(CC5)CC6)cc3C4=O)C(C)C12,2.7457,pre
27,CC(NC(=O)CCC(=O)NC1C[S+]([O-])CC1N=[N+]=[N-])c1ccc2ccccc2c1,2.7232,pre
28,Cc1cccc(C(=O)OCn2cc(F)c(=O)[nH]c2=O)c1,0.79862,pre
29,NC(C(=O)O)C(O)C(=O)NCCc1c[nH]cn1,-2.1588,pre
30,COc1cc2ncc(C#N)c(Nc3cccc(S(N)(=O)=O)c3)c2cc1OC,2.51468,pre
31,Cc1nc(CC(=O)N2CCN(S(=O)(=O)c3ccc(C(C)(C)O)cc3)CC2)c(C)s1,2.06294,pre
32,COc1ccc2cccnc2c1OC,2.252,pre
33,O=C(O)c1ccccc1Nc1ccnc(Nc2ccc3ccccc3c2)n1,4.8152,pre
34,CC1=NN(C(=O)CSc2n[nH]c(-c3ccc(OC(F)F)cc3)n2)C(CC(C)C)C1=O,3.3671,pre
35,Cc1onc(-c2ccccc2)c1COc1ccc(C(=O)NCc2cccc(OC(C)C)c2)cn1,5.34122,pre
36,CCN(CC)c1nc2sc3c(c2c(=O)n1Cc1ccccc1)CCN(Cc1ccccc1)C3,4.9108,pre
37,CC(C)=CCOc1nc2c(C)cccn2c1Cc1ccccc1C(F)(F)F,5.59732,pre
38,CC1=C2SC3=C(C(=O)CC(C)(C)C3)C2N(CC(=O)O)C1CC(=O)c1ccc(Cl)cc1,4.7142,pre
39,COc1ccc(C2CC2C(=O)NCc2cccc(OCc3ccc4ccccc4n3)c2)cc1OC,5.2509,pre
40,Cc1cccc(N(CCC#N)CCO)n1,1.1024,pre
41,CN1CCC(O)(C#Cc2cccc(F)c2)C1=O,0.7704,pre
42,COC1=CC(=O)C(O)=C2C1=NCC1C2CCC2(C)C(O)CCC12C,2.5596,pre
43,CC1=NC2(CCC3CN(CCO)CC32)C(=O)N1Cc1ccncc1,0.9151,pre
44,FC(F)(F)c1ccc2[nH]c(-c3ccc(-c4cncnc4)cc3)nc2c1,4.7057,pre
45,Cc1nccc(N2CCOCC2)c1C(=O)NCc1ccccn1,1.55162,pre
46,COc1cccc(CCC2CCCN(C(=O)c3cccc(C(F)(F)F)c3)C2)c1,5.199,pre
47,Cc1c(NS(C)(=O)=O)cccc1N(Cc1ccccc1)c1ccc2cc(CCC(=O)NO)cnc2c1,4.69102,pre
48,CCc1cn2c3c(cc(C(=O)NC(Cc4ccccc4)C(O)CNC4CCOCC4)cc13)N(C)S(=O)(=O)CC2,2.4539,pre
49,CC(C)(C)C(=O)CCC1(O)C(=O)Nc2ccccc21,2.2217,pre
50,CC12CCC(O)CC1=CCC1C2CCC2(C)C(C3=C(O)CC(c4cc(Br)cs4)=O)C3OC3C(O)C(O)C(O)C13)C2,0.0,pre
51,CCOC(=O)C1CCN(CCC(=O)Nc2ccc(C)c(Cl)c2)CC1,3.25212,pre
52,CCCc1c(Cc2c(F)cccc2F)nc(SCC(=O)O)nc1S,3.7635,pre
53,Cc1ccc(S(=O)(=O)N2COC(CCc3ccccc3)C2)c(C)c1,3.28324,pre
54,COc1ccnc(CSc2nsc3ccccc23)c1,3.9922,pre
55,Cc1cc(-c2ccc(CCC(N)(C(=O)O)C(=O)O)c(F)c2)c2ccccc2n1,3.14862,pre
56,O=C(Nc1cc(F)c(F)cc1Br)c1cccs1,4.0411,pre
57,CCC(C)(C)c1cc(NC(=O)Nc2ccc(OC(F)(F)F)cc2)no1,4.9048,pre
58,CC(=O)N1CCN(CCOc2ccc(OCc3ccccc3)cc2Br)CC1,3.571,pre
59,CC(C)CCC(C(N)=O)N(Cc1ccccc1)S(=O)(=O)c1ccccc1,3.1676,pre
60,O=c1c2cnc(Cl)cn2c(-c2ccnc(NC3CC3)n2)cn1-c1ccccc1,0.0,pre
61,Cc1ccc(C(=O)Nc2ncc(Cc3ccc(C(=O)NC(CCC(=O)O)C(=O)O)cc3)s2)cc1,3.34242,pre
62,COc1nsnc1OC(C)C,1.3339,pre
63,Cn1cc(CN2CCC(Nc3nc(N)c4ccccc4n3)CC2)cn1,2.022,pre
64,Cc1csc(NC(=O)c2sc3nc4c(cc3c2N)CN(C(C)C)CC4)n1,3.66222,pre
65,CC(C)NCCN(C(=O)C1CC1c1ccccc1)c1cccc(=O)[nH]1,2.5096,pre
66,CCOC(=O)N(CC#N)c1nnc(-c2ccc(C)cc2)s1,3.0,pre
67,BrC1(c2ccc(Br)cc2)C2C(=CCO2)C(=O)C2C(c3ccccc3)=[N+]1[O-]C2,0.0,pre
68,N#Cc1cccc(NC(=O)Nc2nnc(CCCNS(=O)(=O)c3ccc(C(=O)NC(CCC(=O)O)C(=O)O)cc3)s2)c1,2.01268,pre
69,Cc1csc(NC(=O)CSc2nnc(O)n2C)c1C,1.92984,pre
70,CC(=O)C(=Cc1ccc(OC2OC(C(=O)O)C(O)C(O)C2O)cc1)OC,-0.4661,pre
71,Cc1ccc(F)cc1Oc1c(NS(=O)(=O)c2ccc(C(C)(C)C)cc2)nc[nH]c1=O,4.10802,pre
72,C#CC(CCN1CCN(c2ccc(C)c(Cl)c2)CC1)(c1ccccc1)c1ccccc1,5.78002,pre
73,CCCOCCCNCc1ccc(-n2ccnc2)cc1,2.7786,pre
74,CCN(CCCNC(=O)CN1C(=O)COc2ccc(S(=O)(=O)N3CCOCC3)cc21)C1CC1,0.4235,pre
75,COc1ccccc1N(C)C(=O)c1ccnc(N2CCN(S(C)(=O)=O)CC2)c1,1.4484,pre
76,CCc1ccc(C2C(C(=O)c3cccs3)=C(O)C(=O)N2CCN2CCOCC2)cc1,3.221,pre
77,CCC(C)C(NC(c1ccccc1)(c1ccccc1)c1ccccc1)C(=O)NC1c2ccccc2CC1O,5.7573,pre
78,CCOc1cc(CCNC(=O)COC(=O)C23CCCN(Cc4cc5c(cc4F)C(C)(C)C5=CCC(=O)N2CCCN3)c2[nH]c3ccccc3c2=O)ccc1O,0.0,pre
79,Nc1nc2c(ccc3ccccc32)o1,2.5632,pre
80,CCc1ccccc1NC(=O)COC(=O)c1c(C)nn(CC(C)C)c1Cl,3.85882,pre
81,Cc1ccc2c3c1[nH]c1ccccc1c3nnn2C1CN2CCC(C1)c1ccccc12,0.0,pre
82,CN1C(=O)N(C)C2(c3ccccc3)CCN(CCc3ccc4c(c3)OCO4)C1C2,3.2724,pre
83,COc1ccc(C2(O)CCN(S(=O)(=O)CC3(C(N)=O)CC3)CC2)cc1,0.5739,pre
84,Cc1cccc(OC(C)C(=O)Nc2ccc3c(c2)NC(=O)C3=NNC(N)=S)c1,1.89042,pre
85,C=C(C)C1CCC2(COC(C)=O)CCC3(C)C(CCC4C5(C)CCC(=O)C(C)(C)C5CCC43C)C12,7.7762,pre
86,COc1cccc(-c2cc(C(=O)O)c3c(C#N)c(-c4cc(OC)c(OC)c(OC)c4)nn3c2)c1,4.27258,pre
87,O=C(O)COc1cc(OC(Cc2cc3ncnc(-c4cc(Cl)cc(Nc5ccc(S(=O)(=O)c6ccccc7)cc5)c5ccncc5[nH]4)c3)c2oc2ccccc2c1=O)C(N)C(=O)O,0.0,pre
88,NCCOCCOCCNCc1c2ccccc2cc2ccccc12,3.0745,pre
89,C#CC1(O)CCC2C3C(C)Cc4nc5ccccc6c5c4C3(C)CCC12O,0.0,pre
90,COc1ccc(NC(=O)c2cccc(C(F)(F)F)c2)cc1OC1CCN(C(C)C)CC1,5.2179,pre
91,CC(C)(C)NC(=O)CC1CCC2C(COc3ccc(NC(=O)c4ccccn4)cc3C(=O)N2C)O1,3.0193,pre
92,COC(=O)C1CN(S(=O)(=O)c2ccc3ccccc3c2)CCN1c1ccc(C)nc1,2.59572,pre
93,Fc1cccc(CCN=C(S)NCCc2ccccc2)c1,3.4863,pre
94,CC1COc2c(N3CCNCC3)c(F)cc3c(=O)c(C(=O)O)cn1c23,1.2018,pre
95,COc1ccc(Br)cc1CN=C(N)N1CCCN(CCC(C)C)CC1,3.3262,pre
96,COc1ccc2nc(C3(NC(=O)C(O)C(O)CO)CC3NC(=O)c3cn4ccccc4n3)ccc2c1,0.119,pre
97,CC(C)C(C)CC(C)C1CCC2C3CC=C4CC(O)CCC4(C)C3CCC12C,7.2446,pre
98,O=C1NC(=O)C2(CC(=O)N(CCc3ccccc3Cl)C2)C(=O)N1c1ccccc1,2.3842,pre
99,CC(NC(=O)Cc1cccc2ccccc12)C(=O)NC(C=O)CCc1ccccc1,3.2035,pre
100,COc1cc(S(=O)(=O)C=Cc2c(OC)[n+]([O-])c3ccccc3[n+]2[O-])cc(OC)c1OC,1.5856,pre
101,O=C(CN1C(N(C(=O)c2ccccc2)c2ccccc2)CCC1)c1ccccc1,4.6382,pre
102,COc1cc(CCC(=O)OCC(=O)NCc2ccc(C(N)=O)cc2)cc(Br)c1OC,2.3574,pre
103,COc1cc(Br)c(O)c(Br)c1C=CC(C)=O,3.528,pre
104,OCC(O)C(O)C(O)C(O)CSSCC=CC[N+](CCC(N)C(=O)[O-])c1ccc(Cl)c(Cl)c1,-0.3942,pre
105,O=C(NO)C(CNS(=O)(=O)c1ccc(Br)cc1)NC(=O)c1ccccc1,1.0314,pre
106,O=C(Nc1cccc(-n2ccnc2)c1)c1cccn(Cc2ccccc2)c1=O,3.3346,pre
107,CSc1nn(-c2ccccc2)c2cc(NCc3noc(-c4ccc5ccccc5c4)n3)ccc12,6.5627,pre
108,Cc1cc(C)cc(N2C(=NO)SC3C4C=CC(CNC(=O)CCC(=O)NN)C3C2=O)c1,0.0,pre
109,COc1ccc(S(=O)(=O)N2Cc3ccccc3N(C(=O)c3cccnc3)CC2C(=O)NC(C)(C)C)cc1,3.2248,pre
110,Cc1cc(C(F)(F)F)ccc1-c1cc(-c2cc(C)no2)[nH]n1,4.36734,pre
111,Cc1cc(C)c2cccc(OCc3c(Cl)ccc(S(=O)(=O)NC4(C(=O)N5CCC(F)CC6)CC5)c4Cl)c3n2)c1,0.0,pre
112,O=C(OCC1(N(CC(F)(F)F)CCOCC2)CCN(CCOc3ccccc3)CC1)c1ccc2ccccc2c1,0.0,pre
113,CCN(CC)CCCNC(=O)c1cn(CC)c2nc(Oc3cccc(OC)c3)c(Oc3c(OC)cccc3OC)cc12,6.1283,pre
114,CCc1nc2c(C(=O)O)cccn2c1N(C)C(=O)COc1ccc(Cl)cc1C(F)(F)F,4.3089,pre
115,CCOC(=O)C1=C(C)NC(C)=C(C(=O)OCCc2ccc(Oc3ccccc3)cc2)C1c1cccc([N+](=O)[O-])c1,5.9709,pre
116,Cc1cc(C)c(C(=O)CSc2ncnc3c2cnn3Cc2ccccc2)c(C)c1,4.77486,pre
117,O=c1c2ccccc2c(=O)n2n1C1CC(CC=CC2)C1,2.0742,pre
118,CCN(CC)CCN1C(=O)c2ccccc2NC1c1ccccc1Cl,4.2483,pre
119,O=C(Nc1cccc(Cl)c1)c1ccc2c(c1)C(=O)OCCO2,3.1415,pre
120,CCOC(=O)C1CCN(c2[nH]cnc3ncnc2-3)CC1,1.084,pre
121,O=C(NC(=S)NCCc1ccccc1)c1ccc[nH]1,1.8617,pre
122,CCN(CC)c1ncnc2c1ncn2C1CN(Cc2cccs2)CC(CO)O1,2.1259,pre
123,Cc1ccc(S(=O)(=O)c2nc(-c3cn4cccc(F)c4n3)sc2S(=O)(=O)c2ccccc2)cc1,4.57092,pre
124,O=C(O)C1CCCN(CCOCCN2c3ccccc3Nc3ccccc32)C1,3.6949,pre
125,CSC1=NC(c2ccccc2Cl)CN1C,3.0455,pre
126,O=C(NCCN1CCC(c2ccccc2)CC1)c1cccc2ccccc12,4.4492,pre
127,[O-][n+]1onc2c3cccc(C4(O)CCN(CCCO)CC4)c3ccc2c1=O,0.0,pre
128,Cc1ccc(S(=O)(=O)CCC(=O)OCC(=O)N2CCc3ccccc32)cc1,2.29132,pre
129,c1ccc(SCCc2ccncc2)c2ccccc12,4.5696,pre
130,CC1(C)COCCN1CCc1ccc2ccccc2c1,3.4931,pre
131,N#CCC(=O)Nc1ccc(CC(=O)c2ccccc2)cc1,2.96418,pre
132,CSc1nc(NCCO)c2cccnc2n1,1.1509,pre
133,CCOC(=O)C1=C(N)Oc2cc(O)ccc2C1c1ccco1,2.2429,pre
134,O=C(NC1CCCc2ccccc21)C(Cc1c[nH]c2ccccc12)NCc1ccccc1,5.0626,pre
135,CC(C)Oc1ccccc1C1CC1CNc1cc(=O)n(C)c(=O)n1C,2.0868,pre
136,COc1ccc(S(=O)(=O)Nc2c(C(=O)O)[nH]c3ccccc23)cc1OC,2.6841,pre
137,Cc1cc(C)c2nc(N(CCCN(C)C)C(=O)c3ccccc3C)sc2c1,4.82006,pre
138,Cc1ccc(C(=O)Nc2ccccc2[N+](=O)[O-])nc1,2.55052,pre
139,Cc1c(C)n(Cc2ccc(-c3ccccc3C(=O)O)cc2)c2ccc(C(=O)NCCC(=O)NC(CCCNC(=O)C(F)(F)F)C(=O)O)cc12,4.81964,pre
140,O=C(NC(=S)NC1CCSC1=O)Nc1ccc(Cl)cc1,2.3681,pre
141,CN(C)c1ncnc2c1CCN(CC(F)(F)F)CC2,1.5055,pre
142,CC(=O)NC1CC(c2ccc(Cl)c(Cl)c2)OC1c1ccc(C(C)C)cc1,5.8242,pre
143,CN1CCN(c2nc(C3CC3)nc3c2c(=O)n(C)c(=O)n3C)CC1,-0.3436,pre
144,Cn1c(Cc2ccccc2)nnc1C1(c2ccc(Cl)cc2)CCC1,4.5293,pre
145,C=CCN1CCC23c4c5ccc(O)c4OC2c2[nH]c4ccccc4c2CC3C1C5,4.2337,pre
146,Cc1ccc2nc(-c3ccc(-n4ccc(OCc5ccccc5)cc4=O)s3)sc2c1,6.06312,pre
147,CCCNc1nc(C#N)nc2c1ncn2C(C)C,2.10078,pre
148,CNC(=O)c1ccc(C=CC(=O)NCC(=O)N(C)c2ccccc2CC(=O)NO)cc1,0.8865,pre
149,Cc1ccccc1OCC(=O)NS(=O)(=O)c1cccnc1,1.27392,pre
150,C=C(C)C1CCC2(C(=O)O)CCC3(C)C(CCC4C5(C)CCC(OC(=O)CC(C)(C)C(=O)NC(C)(C)C(=O)O)C(C)(C)C5CCC43C)C12,8.0361,pre
151,COc1ccc(NC(=O)C2CC3CCC2CN3C(=O)c2ccccc2Cl)c(Cl)c1,4.8814,pre
152,CCC(C)CNC(=O)C(C)C,1.8047,pre
153,COC(=O)C=C1CC2C3CCc4cc(OC)c(O)cc4C3CCC2(C)C1O,3.3271,pre
154,O=C(CCC(=O)c1cccnc1)Nc1ccc2c(c1)OCO2,2.4119,pre
155,COCCc1sc(-c2nc3ccccc3s2)nc1C,3.91712,pre
156,CC(=O)N1CCN(C(=O)C(Cc2ccc(NC(C)=O)cc2)NC(=O)C2(c3ccc(Cl)cc3)CC2)CC1,2.7482,pre
157,CCc1nc(CN2CCCN(C(=O)c3cscn3)CC2)sc1C,2.81852,pre
158,CC(=O)C1=C(O)C(=O)N(c2ccc(C)cc2)C1c1ccccc1F,3.62312,pre
159,CCc1ccc(OCC(O)CN2CCN(CCO)CC2)cc1,0.5986,pre
160,CCc1ccc(OCCOCCn2cnc3ccccc32)cc1,3.6943,pre
161,CC(Cc1c[nH]c2ccccc12)SC(=S)C(N)=O,2.6448,pre
162,COc1cccc(CN2CCN(Cc3cccc4ccccc34)CC2CCO)c1,3.9172,pre
163,COC(=O)C1=C(C)NC(=O)N(C(=O)NCCCN2CCN(c3ccc(Cl)cc3)CC2)C1c1ccc(OC)cc1,3.7838,pre
164,CCOC(=O)Nc1cc(NCC(O)COc2ccccn2)nc(N)n1,0.874,pre
165,CC(C)(C)OC(=O)NCCc1nc2cc(S(=O)(=O)c3ccccc3C(F)(F)F)ccc2n1Cc1cc(=O)c(O)co1,4.6622,pre
166,Cc1cc(C)n(CC(O)COc2ccc3c(c2)CCC3(C)C(=O)O)n1,2.22834,pre
167,Oc1noc2ccc(F)cc12,1.6725,pre
168,COc1cc2c(C=C3C(=O)Nc4ccc(C)c(Cl)c43)c(Cl)n(C)c2cc1C,5.60324,pre
169,Cc1ccc(NC(=S)NN=C2C(=O)Nc3c(Cl)cccc32)cc1,3.29122,pre
170,CSc1nccc(N2CCC(CCO)CC2)n1,1.7973,pre
171,O=C1CCCN1CCNc1cc(=O)[nH]c(=O)[nH]1,-0.9025,pre
172,Oc1cccc(-c2nc3ccccc3n2-c2cccc(-c3ccc(Br)cc3)c2)c1,6.8276,pre
173,CC(C)(CO)C1CCC(N2CCC(Nc3ncc4ccccc4n3)C2)CC1,3.6933,pre
174,N=c1n(CC(=O)c2ccccc2)c2ccccc2n1Cc1ccc(Cl)cc1,4.50687,pre
175,CCOC(=O)C1CCC(C(C)C)CC1NC(=O)c1cc(CN)c[nH]1,2.2072,pre
176,Cc1ccc(-n2nc(CCO)c(C#N)c2N)cc1,1.1694,pre
177,CC(=O)NC(C)C#Cc1cnc(Oc2ccc3c(c2)CC(C(=O)O)C3)o1,2.1424,pre
178,COc1cccc(OC)c1C(=O)Nc1ccc(-c2nc3cc(Cl)ccc3[nH]2)cc1,5.1528,pre
179,Cn1cc(C2CCN(Cc3cccc(CNC(=O)c4nc(-c5cccs5)sc4=O)cn3)CC2)c(C(F)(F)F)c1,0.0,pre
180,CN(C(=O)C=CC=Cc1ccco1)c1ccccc1,3.512,pre
181,O=C(NCc1cc(F)ccc1F)Oc1ccccc1,3.2534,pre
182,CCN(CC)CCN(Cc1nccn1C)c1nc(C)nc2cc(Cl)ccc12,3.67352,pre
183,CCn1ccc2cc(C(=N)N)cnc21,1.34027,pre
184,CCN1C(=O)C(=C2Sc3ccccc3N2CCO)SC1=S,2.6403,pre
185,Cc1cccc(Oc2ccccc2N2CCNCC2)c1,3.19692,pre
186,CC=CC(=O)Oc1ccc2c(c1)CC1c3ccccc3OC2C(C)(C)C1O,4.3286,pre
187,COC(=O)C(Cc1ccccc1)NC(=O)OC1Cc2ccccc2C1Nc1ccc(C(C)=O)cc1,4.4776,pre
188,COCC(=O)N(Cc1cncc2c(C)nc(N)nc12)Cc1ccc(OC)cc1OC,2.10782,pre
189,CN(C)S(=O)(=O)N1CCC2(CC1)CN(c1ccncn1)C2,0.1852,pre
190,Cc1cccc(OCc2nnc(N=C(N)N)s2)c1,1.33042,pre
191,CCSc1ccccc1S(=O)(=O)Nc1onc(C)c1C,3.20424,pre
192,CCN(CC)C(=O)CCn1c(=O)c(-c2cc(C)sc2C)cc2ccc(Br)cc21,5.36784,pre
193,C=C(C)C1Cc2c(c(O)cc3c2C2C(CCC(C)(C)C(=O)O)CCC31)CCC2,5.9451,pre
194,CC1CN(C(C)CO)C(=O)c2cccc(NC(=O)c3ccncc3)c2OC1CN(C)Cc1ccc(Cl)c(Cl)c1,4.9928,pre
195,CC(=NOCCO)c1ccc2nnc(Cc3ccccc3)n2c1,2.053,pre
196,O=c1c2ccccc2sn1-c1ccc(C(O)(C(F)(F)F)C(F)(F)F)cc1,4.3644,pre
197,COc1cccc(-c2cc(C(=O)O)nn2-c2ccc(SC)cc2)c1,3.968,pre
198,CC(C)(C)c1ccc(Cn2c(=O)cc(N(C)C)c3cnc4ccc(-c5cncs5)c(CO)c4c32)cc1,5.5773,pre
199,N#CC1=C(N)OC2=C(C(=O)NC(=O)C2)C1c1ccc(-c2ccccc2)cc1,2.46188,pre
200,CN(C)CCNC(=O)c1cccc2nc3ccc4c4ccccc4n(C)c3cc12,0.0,pre
201,COc1ccc(-c2cc3ccsc3c(=O)o2)cc1,3.5301,pre
202,CCC(=O)OCCc1c[n+](CCC#N)nn1-c1ccc([N+](=O)[O-])cc1,1.47738,pre
203,CC1CCC2C(C)C(OC(CO)c3ccncc3)OC3OC4(C)CCC1C32OO4,3.3396,pre
204,O=C1NCN(c2ccccc2)C12CCN(CCCN(c1ccc(F)cc1)c1ccc(F)cc1)CC2,4.9215,pre
205,COc1ccc(C2CC(=O)C=C(c3ccc(N(C)C)cc3)C2)cc1OC,4.2999,pre
206,CN(C(=O)CN1C(=O)C(NC(=O)C(F)(F)F)CC1(C)C)C(N)=O,-0.4185,pre
207,CN1CC2CN(C(=O)c3cnc(C#N)nc3)CC21,-0.26572,pre
208,Cc1c(C)c(C)c(CO)c(C[N+](C)(C)C)c1Cc1cccc(NCc2ccccc2)c1,5.51326,pre
209,Cc1ccc(F)cc1C(F)(F)C(F)(F)C(=O)Nc1cc2[nH]nc(C(=O)NCC(F)(F)F)c2cn1,4.06332,pre
210,O=C(C1C=C2c3cccc4[nH]cc(c34)CC2N(C(=O)c2ccco2)C1)c1ccc(F)cc1,4.8632,pre
211,Cc1nc2ccccc2n1Cc1ccc(-c2ccccc2C(=O)O)cc1,4.75822,pre
212,O=C(c1cc(Cc2n[nH]c(=O)c3c2NCCC3)cc(F)c1)N1CC(CF)(CO)OC1=O,1.1509,pre
213,Cc1cc(C)c2c(C(=O)NCCO)c(C)oc2c1,2.08016,pre
214,Cc1ccccc1C(=O)Nc1nccs1,2.70382,pre
215,COC(c1ccc2c(c1)OCO2)c1c(C)[nH]c2ccccc12,3.94082,pre
216,N#Cc1ccc(NC(=O)Cn2c(-c3cccs3)cc3ccccc32)cc1,4.88018,pre
217,CC(=O)c1ccc(C(O)CCC(=O)N2CCN(c3ccccc3)CC2)cc1,3.0516,pre
218,CCOC(=O)c1ccc(NC(S)=NCc2cccnc2)cc1,3.1562,pre
219,O=C(CSc1nnc(-c2ccc(C(F)(F)F)cc2)o1)N1CC(=O)C2Cc3ccccc3C21,4.1724,pre
220,S=C(NCCCc1ccccc1)Nc1ccc(Cl)cc1,4.2592,pre
221,COc1ccc2c(c1)C(C(=O)Nc1ccccc1)C(C#N)=C(N)O2,2.50378,pre
222,Cn1nc(-c2ccccc2)cc1COc1ccc(-c2ccc3c(c2)CNCC3)cc1,4.9788,pre
223,Cc1cc(SCc2ccc(Cl)cc2)nnc1C(c1ccc(N)cc1)Oc1ccccn1,5.87632,pre
224,COc1cc(Cl)ccc1S(=O)(=O)N1CCCc2ccccc21,3.4901,pre
225,Cc1ccc(-c2nnc(SCC(=O)c3ccc([N+](=O)[O-])o3)o2)cc1,3.52122,pre
226,CCOC(=O)C=CC=CC(O)C(O)C1OC(=O)C(=O)NC1=O,-2.0481,pre
227,COc1ccc(C(=O)OCc2cc(=O)n3nc(CCO)sc3n2)cc1,1.0514,pre
228,CCc1cc(C2CCC=C2SC)c(=O)[nH]c1C,3.37002,pre
229,CC(C)(C)CNC(=O)CC(N)CCCOCc1cc(-c2ccccc2)ccc1O,4.2357,pre
230,COc1cccc(N2CCN(C(=O)c3ccc(-c4ccncc4)s3)CC2)c1,3.7811,pre
231,C[N-]CCC(=O)Nc1ccc(OCC2CC(N3CCN(C4CCOCC4)CC3)C2)cc1Cl,3.6261,pre
232,O=C1C(Cl)C(c2ccc(Cl)cc2)N1N=CC=Cc1ccc2c(c1)OCO2,4.2586,pre
233,CCN(CC)CCCOc1ccc2c(C)cc(NCCCN(C)C)nc2c1,4.01752,pre
234,NC(=O)c1cn(CC2CCCO2)c2nc(-c3ccco3)cc(C(F)(F)F)c12,3.593,pre
235,CCC1(O)CCC(c2ccc(Cl)c(Cl)c2)(N2CC(C)N(C(=O)c3c(F)cccc3F)CC2)C1,5.6384,pre
236,CCOC(=O)c1c(NC(=O)C2COCO2)sc(C)c1C,1.85304,pre
237,COc1ccc(S(=O)(=O)N(CC(C)C)CC(O)C(Cc2ccccc2)NC(=O)C=Cc2ccc(OC)cc2)cc1,4.1523,pre
238,c1ccc(Cn2c(SC3CCNCC3)nc3ccccc32)cc1,3.9287,pre
239,COc1ccc(NC(=O)CN(C)C(=O)c2ccc(C)cn2)cc1Br,2.87182,pre
240,Cn1ncc(NC(=O)COc2ccc(Cl)cc2Cl)c(=O)n1-c1cccc(Cl)c1,0.0,pre
241,COc1c(C)cc2[nH]c(-c3ccc(OC)c(OC)c3)nc2c1,3.56412,pre
242,COC(=O)C1OC(Oc2ccc(C=C(C)C(=O)NC3OC(CO)C(O)C(O)C3O)cc2O)C(O)C(O)C1O,-3.929,pre
243,COc1cccc(C2(C(=O)NCc3ccc(-n4cnc(C)c4)cc3)CNC2)c1,2.34672,pre
244,C=CC1=C(C(=O)O)C(c2cccc(Cl)c2)N(Cc2cc(Cl)ccc2OC)C1,5.1261,pre
245,CN(C)Cc1cccc2[nH]c(-c3ccc(N)cc3)nc12,2.8737,pre
246,CCC(C)n1ncn(-c2cc(C)ncn2)c1=O,1.10342,pre
247,COc1ccccc1N1CCN(CC(O)c2ncc(C(C)=O)cc2C(F)(F)F)CC1,3.1672,pre
248,CN1CCC2(c3cccc(O)c3)CC(c3ccccc3)CC1C2,4.3018,pre
249,CC=Cc1c(C(F)(F)F)nn(-c2ccc(O)cc2)c(=O)c1OC,2.9986,pre
250,CNc1ccc(C2COc3ccccc3O2)cc1NC(=O)c1cccc(F)c1,4.6322,pre
251,O=C(O)CC1CC1c1ccccn1,1.6598,pre
252,CC(C)(C)c1nc(NC(=O)c2ccco2)c2ccccc2n1,3.7726,pre
253,CCC(=NCCN1CCOCC1)c1ccc(OC)cc1,2.2265,pre
254,COC(=O)CCC(NC(=S)NCc1ccco1)c1ccccc1,2.9382,pre
255,CS(=O)(=O)N1Cc2ccccc2C1C(=O)O,0.5875,pre
256,Cc1ccccc1CSc1ccncc1CCc1cnccc1CSc1ccccc1CSc1ccncc1CSc1ccncc1CSc1ccncc1CSc1ccncc1CSc1ccncc1CSc1ccncc1CSc1ccncc1CSc1ccncc1CSc1ccncc1CCc1cnccc1C,23.82914,post
257,Cc1ccccc1CSc1ccncc1CSc1ccccc1CCc1cnccc1CSc1ccncc1CSc1ccncc1CSc1ccncc1CSc1ccncc1CSc1ccccc1CCc1cnccc1CSc1ccccc1CSc1ccccc1CSc1ccccc1CSc1ccncc1C,26.24914,post
258,Cc1ccccc1CSc1ccncc1CCc1cnccc1CSc1ccncc1CSc1ccncc1CSc1ccncc1CSc1ccncc1CSc1ccccc1CSc1ccccc1CSc1ccncc1CCc1cnccc1CSc1ccncc1CSc1ccncc1CSc1ccncc1C,24.43414,post
259,Fc1ccccc1CSc1ccncc1CCc1cnccc1CSc1ccncc1CSc1ccccc1CSc1ccncc1CSc1ccncc1CCc1cnccc1CSc1ccncc1CSc1ccncc1CCc1cnccc1CSc1ccncc1CSc1ccncc1CSc1ccncc1C,23.15272,post
260,Cc1ccccc1CSc1ccncc1CSc1ccncc1CSc1ccncc1CCc1cnccc1CSc1ccccc1CSc1ccncc1CCc1cnccc1CSc1ccncc1CSc1cnccc1CSc1ccncc1CSc1ccncc1CSc1ccncc1CSc1ccncc1C,23.82914,post
261,Cc1ccccc1CSc1ccncc1CSc1ccncc1CCc1cnccc1CSc1ccncc1CCc1cnccc1CSc1ccncc1CSc1ccncc1CSc1ccncc1CSc1ccccc1CSc1ccncc1CCc1cnccc1CSc1ccncc1CSc1ccncc1C,23.32204,post
262,Fc1ccccc1CSc1ccncc1CSc1ccncc1CSc1ccncc1CSc1ccccc1CSc1ccncc1CCc1cnccc1CSc1ccncc1CSc1ccncc1CCc1ccncc1CSc1ccccc1CSc1ccncc1CSc1ccccc1CSc1ccccc1C,25.47482,post
263,Cc1ccccc1CSc1ccncc1CSc1ccccc1CSc1ccccc1CSc1ccncc1CSc1ccccc1CSc1ccncc1CSc1ccncc1CCc1cnccc1CSc1ccncc1CSc1ccccc1CSc1ccncc1CSc1ccncc1CSc1ccncc1C,26.15124,post
264,c1ccccc1CSc1ccncc1CCc1cnccc1CSc1ccccc1CSc1ccncc1CSc1ccncc1CSc1ccccc1CSc1ccncc1CCc1cnccc1CSc1ccncc1CSc1ccncc1CCc1cnccc1CSc1ccncc1Cc1cnccc1CSc,0.0,post
265,Cc1ccccc1CSc1ccncc1CSc1ccccc1CSc1ccncc1CSc1ccncc1CCc1cnccc1CSc1ccccc1CSc1ccncc1CSc1ccncc1CCc1cnccc1CSc1ccncc1CSc1ccncc1CSc1ccncc1CCc1cnccc1C,23.92704,post
266,Cc1ccccc1CSc1ccncc1CCc1cnccc1CSc1ccccc1CSc1ccncc1CCc1cnccc1CSc1ccccc1CSc1ccncc1CSc1ccncc1CSc1ccncc1CSc1ccncc1CCc1cnccc1CSc1ccncc1CSc1ccccc1C,24.53204,post
267,c1ccccc1CSc1ccncc1CCc1cnccc1CSc1ccccc1CSc1ccncc1CSc1ccncc1CSc1ccccc1CSc1ccccc1CSc1ccncc1CSc1ccncc1CSc1ccncc1CSc1ccccc1CCc1cnccc1CSc1ccncc1CS,25.4571,post
268,Fc1ccccc1CSc1ccccc1CSc1ccncc1Cc1ccncc1CSc1ccccc1CSc1ccncc1CSc1ccccc1CSc1ccncc1CSc1ccncc1CSc1ccncc1CCc1cnccc1CSc1ccncc1CSc1ccncc1CSc1ccncc1CS,24.7968,post
269,Cc1ccccc1CSc1ccncc1CSc1ccncc1CCc1cnccc1CSc1ccncc1CSc1ccccc1CSc1ccccc1CSc1ccncc1CSc1ccncc1CSc1ccncc1CCc1cnccc1CSc1ccncc1CSc1ccccc1CSc1ccncc1C,25.03914,post
270,c1ccccc1CSc1ccncc1CSc1ccccc1CSc1ccncc1CSc1ccccc1CSc1ccccc1CSc1ccncc1Cc1cnccc1CSc1ccncc1CSc1ccncc1CSc1ccccc1CCc1cnccc1CSc1ccncc1CSc1ccncc1CSc,0.0,post
271,Cc1ccccc1CSc1ccccc1CSc1ccccc1CCc1cnccc1CSc1ccncc1CCc1cnccc1CSc1ccncc1CSc1ccncc1CSc1ccncc1CSc1ccccc1CCc1cnccc1CSc1ccccc1CSc1ccccc1CSc1ccccc1C,26.34704,post
272,Cc1ccncc1CSc1ccncc1CSc1cnccc1CSc1ccncc1CCc1cnccc1CSc1ccncc1CCc1cnccc1CSc1ccccc1CSc1ccccc1CSc1ccncc1Cc1cnccc1CSc1ccncc1CSc1ccccc1CSc1ccccc1CC,24.59162,post
273,Fc1ccccc1CSc1ccncc1CCc1cnccc1CSc1ccncc1CSc1ccncc1CSc1ccncc1CSc1ccncc1CSc1ccncc1CSc1ccncc1CSc1cnccc1CSc1ccncc1CSc1ccncc1CCc1cnccc1CSc1ccncc1C,23.05482,post
274,Cc1ccccc1CSc1ccncc1CSc1ccncc1CCc1cnccc1CSc1ccncc1CCc1cnccc1CSc1ccncc1CSc1ccncc1CCc1cnccc1CSc1ccncc1CSc1ccncc1CSc1ccncc1CSc1cnccc1CSc1ccccc1C,23.32204,post
275,Fc1ccccc1CSc1ccncc1CCc1cnccc1CSc1ccncc1CSc1ccncc1CSc1cnccc1CSc1ccncc1CSc1ccncc1CSc1ccncc1CSc1cnccc1CSc1ccncc1CSc1ccncc1CSc1ccncc1CSc1ccncc1C,23.56192,post
276,Cc1ccccc1CSc1ccncc1CSc1cnccc1CSc1ccncc1CSc1ccncc1CSc1ccncc1CSc1ccccc1CSc1cnccc1CSc1ccncc1CSc1ccccc1CSc1ccncc1CCc1cnccc1CSc1ccncc1CSc1ccncc1C,24.94124,post
277,Fc1ccccc1CSc1ccncc1CSc1ccncc1CSc1ccncc1CSc1ccccc1CSc1ccncc1CSc1ccncc1CSc1ccncc1CSc1ccncc1CSc1ccncc1CSc1ccncc1CSc1ccncc1CSc1ccncc1CCc1cnccc1C,24.16692,post
278,Cc1cccccc1CSc1ccncc1CSc1ccccc1CSc1ccncc1CCc1cnccc1CSc1ccncc1CSc1ccncc1CSc1ccncc1CCc1ccncc1CSc1ccncc1CSc1ccncc1CSc1ccncc1CSc1ccncc1CCc1cnccc1,0.0,post
279,Fc1ccccc1CSc1ccncc1CSc1ccncc1CSc1ccncc1CSc1ccncc1CCc1cnccc1CSc1ccncc1CSc1ccncc1CSc1ccncc1CSc1ccncc1CSc1ccncc1CCc1cnccc1CSc1ccncc1CSc1ccncc1C,23.05482,post
280,Oc1ccccc1CSc1ccncc1CSc1ccncc1CSc1ccccc1CCc1cnccc1CSc1ccncc1CSc1ccncc1CSc1ccncc1CSc1ccccc1CSc1ccncc1CSc1ccccc1CSc1ccncc1CSc1ccncc1CSc1ccncc1C,24.94342,post
281,Cc1ccncc1CSc1ccncc1CSc1ccncc1CSc1ccncc1CCc1cnccc1CSc1ccccc1CSc1ccccc1CCc1cnccc1CSc1ccncc1CCc1cnccc1CSc1ccccc1CSc1ccncc1CSc1ccncc1CSc1ccncc1C,23.92704,post
282,Cc1ccccc1CSc1ccncc1CSc1ccncc1CSc1ccncc1CCc1cnccc1CSc1ccccc1CSc1ccncc1CSc1ccncc1CCc1cnccc1CSc1ccccc1CSc1ccncc1CCc1cnccc1CSc1ccccc1CSc1ccccc1C,25.13704,post
283,Cc1ccccc1CSc1ccncc1CSc1ccncc1CCc1cnccc1CSc1ccncc1CSc1ccncc1CSc1ccncc1CCc1cnccc1CSc1ccncc1CSc1ccncc1CCc1cnccc1CSc1ccccc1CCc1cnccc1CSc1ccncc1C,22.81494,post
284,Fc1ccccc1CSc1ccccc1CSc1ccccc1CSc1ccccc1CSc1ccccc1CCc1cnccc1CSc1ccncc1CSc1ccncc1CCc1cnccc1CSc1ccccc1CSc1ccncc1CSc1ccncc1CCc1cnccc1CSc1ccccc1C,26.17772,post
285,Cc1ccncc1CSc1ccncc1CCc1cnccc1CSc1ccncc1CSc1ccncc1CSc1ccncc1CSc1ccncc1CSc1ccncc1CCc1cnccc1CSc1ccncc1CSc1ccncc1CCc1cnccc1CSc1ccccc1CSc1ccncc1C,22.71704,post
286,Cc1ccccc1CSc1ccncc1CSc1ccccc1CSc1ccncc1CSc1ccccc1CSc1ccncc1CSc1ccncc1CSc1ccccc1CCc1cnccc1CSc1ccncc1CSc1ccccc1CSc1ccncc1CSc1ccncc1CSc1ccncc1C,26.15124,post
287,Fc1ccccc1CSc1ccncc1CCc1cnccc1CSc1ccncc1CSc1ccnccc1CSc1ccncc1CSc1ccncc1CSc1ccncc1CSc1ccncc1CSc1ccncc1CSc1ccncc1CSc1ccncc1CSc1ccncc1CSc1ccncc1,0.0,post
288,Fc1ccccc1CSc1ccncc1CSc1ccncc1CSc1cnccc1CSc1ccccc1CSc1ccncc1CSc1ccncc1CSc1ccncc1CSc1ccncc1CCc1cnccc1CSc1ccccc1CSc1ccncc1CCc1cnccc1CSc1ccncc1C,24.26482,post
289,Cc1ccccc1CSc1ccncc1CSc1ccncc1CCc1cnccc1CSc1ccccc1CSc1ccncc1CSc1ccncc1CSc1ccncc1CCc1cnccc1CSc1ccncc1CSc1ccncc1CSc1ccccc1CSc1ccncc1CSc1ccncc1C,24.43414,post
290,Fc1ccccc1CSc1ccccc1CSc1ccccc1CSc1ccccc1CSc1ccncc1CCc1ccncc1CSc1cnccc1CSc1ccncc1CSc1ccccc1CSc1ccncc1CSc1ccncc1CSc1ccncc1CSc1ccccc1CCc1cnccc1C,26.07982,post
291,Oc1ccccc1CSc1ccncc1CSc1ccccc1CSc1ccncc1CSc1ccncc1CSc1ccncc1CSc1ccncc1CCc1cnccc1CSc1ccncc1CSc1ccncc1CSc1ccncc1CSc1ccncc1CSc1ccccc1Cc1cnccc1CS,23.7583,post
292,Fc1ccccc1CSc1ccccc1CSc1ccccc1CSc1ccncc1CSc1ccccc1CSc1ccncc1CSc1ccncc1CSc1ccncc1CSc1cnccc1CSc1ccncc1CSc1ccncc1CSc1ccncc1CCc1cnccc1CSc1ccccc1C,25.98192,post
293,Fc1ccccc1CSc1ccncc1CSc1ccncc1CCc1cnccc1CSc1ccncc1CSc1ccncc1CSc1ccncc1CSc1ccncc1CCc1cnccc1CSc1ccncc1CSc1ccncc1CSc1ccncc1CSc1ccncc1CSc1ccncc1C,23.05482,post
294,c1ccccc1CSc1ccncc1CSc1ccccc1CCc1cnccc1CSc1ccccc1CSc1ccccc1CSc1ccncc1CSc1ccccc1CSc1ccncc1CSc1ccncc1CSc1ccncc1CCc1cnccc1CSc1ccncc1CSc1ccncc1CS,25.4571,post
295,Fc1ccccc1CSc1ccncc1CSc1ccncc1CSc1ccccc1CSc1ccccc1CSc1ccccc1CSc1ccncc1CSc1ccccc1CSc1ccccc1CSc1ccncc1CSc1ccncc1CSc1ccncc1CSc1ccncc1CCc1cnccc1C,26.58692,post
296,Cc1ccccc1CSc1ccncc1CCc1cnccc1CSc1ccncc1CSc1ccncc1CSc1ccncc1CSc1cnccc1CSc1ccncc1CSc1ccncc1CSc1ccccc1CSc1cnccc1CSc1ccncc1CSc1ccncc1CCc1cnccc1C,23.82914,post
297,Cc1ccccc1CSc1ccccc1CSc1ccncc1CSc1ccccc1CSc1ccncc1CCc1cnccc1CSc1ccncc1CSc1ccncc1CCc1cnccc1CSc1ccncc1CSc1ccncc1CSc1ccncc1CSc1ccccc1CSc1ccncc1C,25.03914,post
298,Cc1ccccc1CSc1ccncc1CSc1ccncc1CSc1ccncc1CCc1cnccc1CSc1ccncc1CSc1ccccc1CSc1ccncc1CSc1ccccc1CSc1ccncc1CCc1cnccc1CSc1ccncc1CSc1ccccc1CCc1ccncc1C,24.53204,post
299,Fc1ccccc1CSc1ccncc1CCc1cnccc1CSc1cnccc1CSc1ccncc1CCc1cnccc1CSc1ccncc1CSc1cnccc1CSc1ccccc1CSc1ccccc1CSc1ccncc1CSc1ccncc1CSc1ccncc1CCc1cnccc1C,23.75772,post
300,Fc1ccccc1CSc1ccncc1CSc1ccncc1CSc1ccncc1CCc1cnccc1CSc1ccncc1CSc1ccncc1CCc1cnccc1CSc1ccncc1CSc1ccncc1CSc1ccncc1CSc1ccncc1CCc1cnccc1CSc1ccccc1C,23.15272,post
301,Fc1ccccc1CSc1ccncc1CSc1ccncc1CSc1ccccc1CSc1ccncc1CSc1ccncc1CSc1ccncc1CSc1ccncc1CCc1cnccc1CSc1ccncc1CSc1ccncc1CSc1ccncc1CSc1ccncc1CSc1ccncc1C,24.16692,post
302,Cc1ccccc1CSc1ccncc1CSc1ccncc1CCc1ccncc1CSc1ccncc1CSc1ccncc1CCc1cnccc1CSc1ccncc1CSc1cnccc1CSc1ccncc1CSc1ccncc1CSc1ccccc1CSc1ccncc1CSc1ccncc1C,23.82914,post
303,c1ccncc1CSc1ccncc1CCc1cnccc1CSc1ccncc1CSc1ccncc1CSc1ccncc1CSc1ccccc1CSc1ccncc1CSc1ccncc1CSc1cnccc1CSc1ccccc1CSc1ccncc1CSc1ccncc1CSc1ccncc1CS,24.1492,post
304,Cc1ccccc1CSc1ccncc1CSc1ccncc1CSc1ccccc1CSc1ccncc1CSc1ccncc1CSc1ccncc1CSc1ccncc1CCc1cnccc1CSc1ccncc1CSc1ccncc1CSc1ccncc1CCc1cnccc1CSc1ccncc1C,23.82914,post
305,Cc1ccccc1CSc1ccncc1CSc1ccncc1CCc1cnccc1CSc1ccncc1CSc1ccncc1CCc1cnccc1CSc1ccncc1CCc1cnccc1CSc1ccncc1CSc1ccncc1CSc1ccncc1CSc1ccccc1CSc1ccncc1C,23.32204,post
306,Fc1ccccc1CSc1ccncc1CSc1ccccc1CSc1ccccc1CCc1cnccc1CSc1ccncc1CSc1ccccc1CSc1ccncc1CCc1cnccc1CSc1ccncc1CSc1ccncc1CSc1ccncc1CSc1cnccc1CSc1ccncc1C,24.86982,post
307,Fc1ccccc1CSc1ccncc1CSc1ccncc1CCc1cnccc1CSc1ccncc1CSc1ccncc1CSc1ccncc1CSc1ccncc1CSc1ccncc1CSc1ccncc1CSc1ccncc1CSc1ccncc1CCc1cnccc1CSc1ccccc1C,23.65982,post
308,c1ccccc1CSc1ccncc1CSc1ccccc1CSc1ccccc1CSc1ccccc1CSc1ccncc1CSc1ccncc1CSc1ccncc1CCc1cnccc1CSc1ccccc1CSc1ccncc1CSc1ccncc1CCc1cnccc1CSc1ccccc1CS,26.0621,post
309,Cc1ccccc1CSc1ccncc1CSc1ccncc1CSc1ccncc1CSc1ccncc1CSc1ccncc1CSc1ccccc1CSc1ccncc1CCc1cnccc1CSc1ccccc1CSc1ccccc1CSc1ccccc1CSc1ccncc1CSc1ccccc1C,26.75624,post
310,Fc1ccccc1CSc1ccncc1CCc1cnccc1CSc1ccccc1CSc1cnccc1CSc1ccccc1CSc1ccncc1CSc1ccncc1CSc1ccncc1CSc1ccncc1CSc1ccncc1CCc1cnccc1CSc1ccncc1CCc1cnccc1C,23.75772,post
311,Cc1ccccc1CSc1ccncc1CSc1ccccc1CSc1ccncc1CSc1ccncc1CSc1ccncc1CCc1ccncc1CSc1ccncc1COc1cnccc1CSc1ccncc1CCc1cnccc1CSc1ccncc1CSc1ccncc1CSc1ccncc1C,23.11584,post
312,Cc1ccccc1CSc1ccncc1CSc1ccncc1CSc1ccncc1CCc1cnccc1CSc1ccncc1CCc1cnccc1CSc1ccccc1CCc1cnccc1CSc1ccncc1CSc1ccncc1CSc1ccncc1CSc1ccccc1CSc1ccncc1C,23.92704,post
313,c1ccccc1CSc1ccncc1CSc1cnccc1CSc1ccccc1CSc1ccncc1CSc1ccncc1CSc1cnccc1CSc1ccncc1CSc1ccncc1CSc1ccncc1CCc1cnccc1CSc1ccccc1CSc1ccncc1CSc1ccncc1CS,24.7542,post
314,Cc1ccccc1CSc1ccncc1CCc1ccncc1CSc1ccncc1CCc1cnccc1CSc1ccncc1CCc1cnccc1CSc1ccncc1CSc1ccncc1CSc1ccncc1CCc1cnccc1CSc1ccccc1CCc1cnccc1CSc1ccncc1C,22.30784,post
315,Fc1ccccc1CSc1ccncc1CSc1ccncc1CSc1ccncc1CCc1cnccc1CSc1ccncc1CCc1cnccc1CSc1ccncc1CSc1ccncc1CCc1cnccc1CSc1ccncc1CSc1ccncc1CCc1cnccc1CSc1ccncc1C,22.04062,post
316,Cc1ccccc1CSc1ccncc1CCc1cnccc1CSc1ccncc1CSc1ccncc1CCc1cnccc1CSc1cnccc1CSc1ccncc1CSc1ccncc1CSc1ccncc1CSc1ccccc1CSc1ccncc1CSc1ccccc1CSc1ccncc1C,24.43414,post
317,c1ccccc1CSc1ccncc1CSc1ccccc1CSc1ccncc1CCc1ccncc1CSc1ccncc1CSc1ccncc1CSc1ccncc1CCc1cnccc1CSc1ccccc1CSc1ccncc1CSc1ccncc1CSc1ccccc1CSc1ccncc1CS,24.8521,post
318,Cc1ccccc1CSc1ccncc1CSc1ccncc1CSc1ccncc1CCc1cnccc1CSc1ccncc1CSc1ccncc1Cc1cnccc1CSc1ccncc1CSc1ccncc1CSc1ccncc1CSc1ccncc1CSc1ccccc1CSc1ccncc1CS,23.75612,post
319,Fc1ccccc1CSc1ccncc1CSc1ccccc1CCc1cnccc1CSc1ccncc1CSc1ccncc1CSc1ccncc1CCc1cnccc1CSc1ccncc1CSc1cnccc1CSc1ccncc1CSc1ccccc1CSc1ccncc1CSc1ccncc1C,24.26482,post
320,Cc1ccccc1CSc1ccncc1CCc1cnccc1CSc1ccccc1CSc1ccccc1CSc1ccccc1CSc1ccncc1CSc1ccncc1CCc1cnccc1CSc1ccncc1CSc1ccncc1CSc1ccccc1CSc1ccncc1CSc1ccncc1C,25.64414,post
321,Fc1ccccc1CSc1ccncc1CSc1ccncc1CSc1ccncc1CCc1cnccc1CSc1ccncc1Cc1cnccc1CSc1ccncc1CSc1cnccc1CSc1ccncc1CCc1cnccc1CSc1ccncc1CSc1ccncc1CSc1ccncc1CS,22.4747,post
322,Cc1ccccc1CSc1ccncc1CCc1cnccc1CSc1ccncc1CSc1ccncc1CSc1ccncc1CSc1ccncc1CSc1ccccc1CSc1ccccc1CCc1cnccc1CSc1ccncc1CSc1ccncc1CSc1ccncc1CSc1ccncc1C,24.43414,post
323,Cc1ccccc1CSc1ccncc1CSc1ccncc1CCc1cnccc1CSc1ccccc1CCc1cnccc1CSc1ccccc1CSc1ccncc1CSc1ccncc1CSc1ccncc1CSc1ccccc1CSc1ccncc1CSc1ccncc1CSc1cnccc1C,25.03914,post
324,Cc1ccncc1CSc1ccncc1CSc1ccncc1CCc1cnccc1CSc1ccncc1CSc1ccncc1CSc1ccncc1CCc1cnccc1CSc1ccncc1CSc1ccncc1CCc1cnccc1CSc1ccncc1CSc1ccncc1CSc1ccncc1C,22.11204,post
325,Cc1ccccc1CSc1ccncc1CSc1ccncc1CCc1cnccc1CSc1ccncc1CCc1cnccc1CSc1ccncc1CSc1cnccc1CSc1ccncc1CSc1ccncc1CCc1cnccc1CSc1ccncc1CCc1ccncc1CSc1ccncc1C,22.20994,post
326,c1ccccc1CSc1ccccc1CSc1ccncc1CCc1cnccc1CSc1ccncc1CSc1ccncc1CSc1ccccc1CCc1cnccc1CSc1ccncc1CSc1ccncc1CSc1ccccc1CSc1ccncc1CSc1ccncc1CCc1cnccc1CS,24.345,post
327,Cc1ccccc1CSc1ccncc1CSc1ccccc1CSc1ccccc1CCc1cnccc1CSc1ccncc1CCc1cnccc1CSc1ccccc1CCc1cnccc1CSc1ccncc1CSc1ccccc1CSc1ccccc1CSc1ccncc1CSc1ccncc1C,25.74204,post
328,Cc1ccccc1CSc1ccncc1CSc1ccccc1CSc1ccncc1CSc1ccncc1CCc1cnccc1CSc1ccncc1CSc1ccncc1CSc1ccncc1CSc1ccncc1CCc1cnccc1CSc1ccncc1CCc1cnccc1CSc1ccncc1C,23.32204,post
329,Cc1ccncc1CSc1ccncc1CCc1cnccc1CSc1ccccc1CSc1cnccc1CSc1ccccc1CCc1cnccc1CSc1ccccc1CSc1ccncc1CCc1cnccc1CSc1ccccc1CSc1ccncc1CSc1ccncc1CCc1cnccc1C,24.02494,post
330,Cc1ccccc1CSc1ccncc1CCc1cnccc1CSc1ccncc1CCc1cnccc1CSc1cnccc1CSc1cnccc1CSc1ccccc1CSc1ccncc1CSc1cnccc1CSc1cnccc1CSc1ccncc1CSc1ccccc1CSc1ccncc1C,24.43414,post
331,Fc1ccccc1CSc1cnccc1CSc1ccncc1CSc1ccccc1CSc1ccncc1CCc1cnccc1CSc1ccncc1CSc1ccncc1CSc1ccncc1CSc1ccncc1CSc1ccncc1CCc1cnccc1CCc1cnccc1CSc1ccccc1C,23.75772,post
332,Cc1ccccc1CSc1ccncc1CCc1cnccc1CSc1ccncc1CSc1cnccc1CSc1ccccc1CSc1ccncc1CSc1ccncc1CSc1ccncc1CSc1ccccc1COc1cnccc1CSc1ccncc1CSc1ccncc1CCc1cnccc1C,23.72084,post
333,Fc1ccccc1CSc1ccncc1CCc1cnccc1CSc1ccncc1CCc1cnccc1CSc1ccncc1CSc1ccncc1CSc1ccccc1CSc1cnccc1CSc1ccccc1CSc1ccncc1CCc1cnccc1CSc1ccncc1CSc1ccncc1C,23.75772,post
334,Cc1ccccc1CSc1ccncc1CCc1cnccc1CSc1ccncc1CSc1ccncc1CSc1ccncc1CCc1cnccc1CSc1ccccc1CSc1ccncc1CSc1ccncc1CSc1ccncc1CSc1ccncc1CCc1cnccc1CSc1ccncc1C,23.32204,post
335,Fc1ccccc1CSc1ccncc1CCc1cnccc1CSc1cnccc1CSc1cnccc1CSc1ccccc1CSc1ccncc1CSc1ccncc1CSc1ccncc1CSc1ccncc1CSc1ccncc1CSc1ccncc1CSc1ccncc1CCc1cnccc1C,23.65982,post
336,Cc1ccccc1CSc1ccncc1CCc1cnccc1CSc1ccncc1CSc1ccncc1CSc1ccncc1CCc1cnccc1CSc1ccccc1CSc1ccncc1CCc1cnccc1CSc1ccccc1CSc1ccccc1CSc1ccncc1CSc1ccncc1C,24.53204,post
337,Fc1ccccc1CSc1ccncc1CSc1ccncc1CSc1ccncc1CCc1cnccc1CSc1ccncc1CCc1ccncc1CSc1ccncc1CCc1cnccc1CSc1ccccc1CSc1ccncc1CSc1ccncc1CSc1ccncc1CSc1ccncc1C,23.15272,post
338,Fc1ccccc1CSc1ccncc1CSc1ccccc1CSc1ccncc1CSc1ccncc1Cc1cnccc1CSc1ccncc1CSc1cnccc1CSc1ccncc1CSc1ccncc1CSc1ccncc1CCc1cnccc1CSc1ccncc1CSc1ccncc1CS,23.5868,post
339,Fc1ccccc1CSc1ccncc1CSc1ccncc1CSc1ccncc1CSc1ccccc1CSc1ccccc1CSc1ccncc1CSc1ccncc1CCc1cnccc1CSc1ccccc1CSc1ccncc1CSc1ccncc1CSc1ccncc1CCc1cnccc1C,24.86982,post
340,Cc1ccccc1CSc1ccncc1CSc1ccncc1CCc1cnccc1CSc1ccccc1CSc1ccncc1CSc1ccccc1CSc1ccccc1CCc1cnccc1CSc1ccncc1CSc1ccncc1CSc1cnccc1CSc1ccncc1CSc1ccncc1C,25.03914,post
341,FCc1ccncc1CSc1cnccc1CSc1ccncc1CSc1ccncc1CSc1ccncc1CSc1ccncc1CCc1cnccc1CSc1ccncc1CCc1cnccc1CSc1ccccc1CSc1ccncc1CCc1cnccc1CSc1ccncc1CSc1ccncc1,22.5697,post
342,Cc1ccccc1CSc1ccncc1CSc1ccncc1CSc1ccncc1CCc1ccncc1CSc1ccncc1CCc1cnccc1CSc1ccncc1CCc1cnccc1CSc1ccncc1CCc1cnccc1CSc1ccncc1CSc1ccncc1CSc1ccncc1C,22.20994,post
343,Cc1ccccc1CSc1ccncc1CSc1ccncc1CSc1ccncc1CCc1cnccc1CSc1ccncc1CCc1cnccc1CSc1ccccc1CSc1ccncc1CSc1ccncc1CSc1ccncc1CCc1cnccc1CSc1ccncc1CSc1ccccc1C,23.92704,post
344,Cc1ccccc1CSc1ccncc1CSc1ccccc1CSc1ccccc1CSc1ccncc1CSc1ccncc1CCc1cnccc1CSc1ccncc1CSc1ccncc1CSc1ccncc1CCc1cnccc1CSc1ccccc1CSc1ccncc1CSc1ccccc1C,25.64414,post
345,Cc1ccccc1CSc1ccncc1CSc1cnccc1CSc1ccccc1CSc1ccccc1CCc1cnccc1CSc1ccncc1CSc1ccncc1CCc1cnccc1CSc1ccccc1CSc1cnccc1CSc1ccncc1CSc1ccncc1CSc1ccncc1C,25.03914,post
346,Fc1ccccc1CSc1ccncc1CSc1ccccc1CSc1ccccc1CSc1ccncc1CSc1ccncc1CSc1ccccc1CSc1ccncc1CCc1cnccc1CSc1ccccc1CSc1ccncc1CSc1ccncc1CSc1ccncc1Cc1cnccc1CS,25.4018,post
347,Cc1ccccc1CSc1ccncc1CSc1ccncc1CCc1cnccc1CSc1ccncc1CCc1cnccc1CSc1ccncc1CSc1ccncc1CSc1ccncc1CCc1cnccc1CSc1ccncc1CSc1ccncc1CSc1ccncc1CSc1ccncc1C,22.71704,post
348,Cc1ccccc1CSc1cnccc1CSc1ccccc1CCc1cnccc1CSc1ccncc1CSc1ccncc1CSc1ccccc1CSc1ccncc1CSc1ccncc1CSc1ccncc1CSc1ccncc1CSc1ccncc1CSc1ccncc1CSc1ccncc1C,24.94124,post
349,Fc1ccccc1CSc1cnccc1CSc1ccncc1CCc1cnccc1CSc1ccccc1CSc1ccccc1CSc1ccncc1CSc1ccccc1CSc1ccncc1CSc1ccncc1CSc1ccncc1CSc1ccncc1CSc1ccncc1CSc1ccccc1C,25.98192,post
350,c1ccccc1CSc1ccncc1CSc1ccccc1CSc1ccccc1CSc1ccncc1CSc1ccccc1CSc1ccncc1CSc1ccncc1CCc1cnccc1CSc1ccncc1CSc1ccccc1CSc1ccccc1CSc1ccncc1CSc1ccncc1CS,26.5692,post
351,OCc1ccncc1CSc1ccncc1CCc1cnccc1CSc1ccncc1CSc1ccncc1CSc1ccncc1CCc1cnccc1CSc1ccncc1CSc1ccncc1CCc1cnccc1CSc1ccncc1CSc1ccncc1CSc1cnccc1CSc1ccccc1,21.5925,post
352,Fc1ccccc1CSc1ccncc1CSc1ccccc1CSc1cnccc1CSc1ccccc1CSc1ccncc1CSc1ccncc1CSc1ccncc1CCc1cnccc1CSc1cnccc1CSc1ccncc1CSc1ccncc1CCc1cnccc1CSc1ccccc1C,24.86982,post
353,c1ccccc1CSc1ccncc1CSc1ccccc1CSc1ccccc1CSc1ccncc1CSc1ccccc1CSc1ccncc1CSc1ccncc1CCc1cnccc1CSc1cnccc1CSc1ccncc1CSc1ccccc1CSc1ccccc1CSc1ccncc1CS,26.5692,post
354,Fc1ccccc1CSc1ccncc1CSc1ccccc1CSc1ccccc1CSc1ccncc1CSc1ccccc1CSc1cnccc1CSc1ccccc1CSc1ccncc1CSc1ccncc1CSc1ccncc1CSc1ccccc1CSc1ccncc1CSc1ccncc1C,27.09402,post
355,Fc1ccccc1CSc1ccncc1CSc1ccncc1CCc1cnccc1CSc1ccccc1CSc1ccncc1CSc1ccncc1CSc1ccncc1CSc1ccncc1CSc1ccncc1CSc1ccncc1CSc1ccncc1CCc1ccncc1CSc1ccccc1C,24.26482,post
356,Cc1ccccc1CSc1ccccc1CSc1ccncc1CCc1cnccc1CSc1ccncc1CSc1ccncc1CSc1ccncc1CCc1cnccc1CSc1ccncc1CSc1ccncc1CSc1ccncc1CSc1ccncc1CSc1ccncc1CSc1ccncc1C,23.82914,post
357,Cc1ccccc1CSc1ccncc1CSc1ccncc1CCc1ccncc1CSc1ccncc1CSc1ccncc1CSc1ccncc1CSc1ccncc1CSc1ccncc1CCc1cnccc1CSc1ccccc1CCc1cnccc1CSc1ccccc1CSc1cnccc1C,23.92704,post
358,Fc1ccccc1CSc1ccncc1CSc1ccccc1CSc1ccncc1CSc1ccncc1CSc1ccncc1CCc1cnccc1CSc1ccccc1CSc1ccccc1CSc1ccncc1CSc1ccncc1CSc1ccncc1CSc1ccncc1CCc1cnccc1C,24.86982,post
359,Cc1ccccc1CSc1ccncc1CSc1ccncc1CSc1ccncc1CSc1ccncc1CSc1ccncc1CSc1ccncc1CSc1cnccc1CSc1ccccc1CSc1ccccc1CCc1cnccc1CSc1cnccc1CSc1ccncc1CSc1ccncc1C,24.94124,post
360,c1ccccc1CSc1ccncc1CSc1ccccc1CSc1ccncc1CSc1ccncc1CCc1cnccc1CSc1ccccc1CSc1ccncc1CSc1ccncc1CSc1ccncc1CSc1ccccc1CSc1ccncc1CSc1ccccc1CSc1ccccc1CS,26.5692,post
361,Fc1ccccc1CSc1ccncc1CCc1cnccc1CSc1ccncc1CSc1ccccc1CSc1ccncc1CSc1ccncc1CSc1ccncc1CSc1ccncc1CSc1ccncc1CSc1ccncc1CSc1cnccc1CSc1ccccc1CSc1ccncc1C,24.77192,post
362,Fc1ccccc1CSc1ccncc1CCc1cnccc1CSc1ccccc1CSc1ccncc1CSc1ccncc1CSc1ccncc1CSc1ccncc1CSc1ccncc1CSc1ccncc1CSc1cnccc1CSc1ccncc1CSc1ccccc1CSc1ccccc1C,25.37692,post
363,Fc1ccccc1CSc1ccncc1CSc1ccncc1CSc1ccccc1CSc1cccnc1CCc1cnccc1CSc1ccncc1CSc1ccccc1CSc1ccncc1CSc1ccncc1CSc1ccccc1CSc1ccncc1CCc1cnccc1CSc1ccncc1C,24.86982,post
364,Cc1ccccc1CSc1ccncc1CCc1cnccc1CSc1ccccc1CSc1ccncc1CSc1ccncc1CCc1cnccc1CSc1ccncc1CSc1ccncc1CSc1ccncc1CCc1cnccc1CSc1ccccc1CSc1ccncc1CSc1ccncc1C,23.92704,post
365,NCc1ccncc1CSc1ccncc1CCc1cnccc1CSc1ccncc1CSc1ccncc1CSc1ccccc1CSc1ccncc1CSc1ccncc1CSc1ccncc1CCc1cnccc1CSc1ccncc1CSc1ccncc1CCc1ccncc1CSc1ccccc1,22.1639,post
366,Fc1ccccc1CSc1ccncc1CSc1ccncc1CSc1ccncc1CSc1ccncc1CSc1ccncc1CSc1ccncc1CCc1cnccc1CSc1ccccc1CSc1ccncc1CCc1cnccc1CSc1ccccc1CSc1ccncc1CSc1ccncc1C,24.26482,post
367,Fc1ccccc1CSc1ccncc1CSc1ccncc1CCc1cnccc1CSc1ccncc1CCc1cnccc1CSc1ccncc1CSc1ccncc1CCc1cnccc1CSc1ccncc1CSc1cnccc1CSc1ccncc1CSc1cnccc1CSc1ccncc1C,22.54772,post
368,c1ccccc1CSc1ccncc1CSc1ccccc1CCc1cnccc1CSc1ccncc1CSc1ccccc1CSc1ccccc1CSc1ccncc1CSc1ccncc1CSc1ccccc1CSc1ccccc1CSc1ccncc1CSc1ccncc1CSc1ccccc1CS,27.1742,post
369,Fc1ccccc1CSc1ccncc1CCc1cnccc1CSc1ccncc1CSc1ccncc1CSc1ccncc1CSc1ccncc1CSc1ccncc1CSc1ccncc1CSc1ccncc1CCc1cnccc1CSc1ccncc1CSc1ccccc1CSc1ccncc1c,0.0,post
370,Fc1ccccc1CSc1ccncc1CSc1ccncc1CCc1cnccc1CSc1ccccc1CSc1ccncc1CSc1ccccc1CSc1ccncc1CSc1ccccc1CCc1cnccc1CSc1ccccc1CSc1ccccc1CSc1ccncc1CSc1ccncc1C,26.07982,post
371,Fc1ccccc1CSc1ccncc1CCc1cnccc1CSc1ccncc1CSc1ccncc1CSc1ccncc1CSc1ccncc1CSc1ccncc1CCc1cnccc1CSc1ccncc1CSc1ccccc1CSc1ccncc1CSc1ccncc1CSc1cnccc1C,23.65982,post
372,Fc1ccccc1CSc1ccncc1Cc1cnccc1CSc1ccccc1CSc1ccncc1CSc1ccccc1CSc1ccncc1CSc1ccncc1CCc1cnccc1CSc1cnccc1CSc1ccccc1CSc1ccncc1CSc1ccncc1CSc1ccncc1CS,24.7968,post
373,Fc1ccccc1CSc1ccncc1Cc1cnccc1CSc1ccncc1CCc1cnccc1CSc1ccncc1CSc1ccncc1CSc1cnccc1CSc1ccccc1CSc1cnccc1CSc1ccccc1CSc1ccncc1CSc1ccncc1Cc1cnccc1CSc,0.0,post
374,Fc1ccccc1CSc1ccncc1CCc1cnccc1CSc1ccncc1CSc1ccncc1CSc1ccccc1CSc1ccncc1CSc1ccncc1CSc1ccncc1CSc1ccncc1CSc1ccncc1CSc1ccncc1CSc1ccncc1CSc1cnccc1C,24.16692,post
375,Cc1ccccc1CSc1ccncc1CSc1ccncc1CSc1ccncc1CCc1ccncc1CSc1ccncc1CSc1ccncc1CSc1ccncc1CCc1cnccc1CSc1ccncc1CSc1ccncc1CSc1ccncc1CCc1cnccc1CSc1cnccc1C,22.71704,post
376,Fc1ccccc1CSc1ccncc1CSc1ccccc1CSc1ccncc1CCc1cnccc1CSc1ccncc1CSc1ccncc1CSc1ccncc1CSc1ccncc1CSc1ccncc1CSc1ccncc1CSc1ccncc1CSc1ccccc1CSc1ccncc1C,24.77192,post
377,Fc1ccccc1CSc1ccncc1CSc1ccccc1CSc1ccncc1CSc1ccccc1CSc1ccncc1CSc1ccncc1CCc1cnccc1CSc1ccncc1CSc1ccncc1CSc1ccncc1CSc1ccncc1CSc1ccncc1CSc1ccncc1C,24.77192,post
378,Cc1ccccc1CSc1ccncc1CSc1ccccc1CSc1ccncc1CSc1ccncc1CSc1ccncc1CSc1ccncc1CCc1cnccc1CSc1ccncc1CSc1ccncc1CCc1cnccc1CSc1ccncc1CSc1ccccc1CSc1cnccc1C,24.43414,post
379,Fc1ccccc1CSc1ccccc1CSc1ccccc1CSc1ccncc1CCc1cnccc1CSc1ccncc1CSc1ccccc1CSc1ccncc1CSc1ccncc1CSc1cnccc1CSc1ccncc1CSc1ccncc1CSc1ccncc1CSc1ccccc1C,25.98192,post
380,Oc1ccccc1CSc1ccncc1CSc1ccncc1CSc1ccccc1CSc1ccccc1CSc1ccncc1CSc1ccccc1CSc1ccncc1CCc1ccncc1CSc1ccccc1CSc1ccncc1CCc1cnccc1CSc1ccncc1CSc1ccncc1C,25.04132,post
381,Fc1ccccc1CSc1ccccc1CSc1ccncc1CCc1cnccc1CSc1ccccc1CSc1ccncc1CSc1ccccc1CSc1ccncc1CCc1cnccc1CSc1ccncc1CSc1ccncc1CSc1ccncc1CSc1ccncc1CSc1ccncc1C,24.86982,post
382,Fc1ccccc1CSc1ccncc1CSc1ccncc1CSc1ccncc1CSc1ccccc1CSc1ccncc1CCc1cnccc1CSc1ccncc1CCc1cnccc1CSc1ccncc1CSc1ccncc1CSc1ccncc1CSc1cnccc1CSc1ccncc1C,23.65982,post
383,Fc1ccccc1CSc1ccncc1CSc1ccccc1CSc1ccncc1CSc1ccccc1CSc1ccncc1CCc1cnccc1CSc1ccncc1CSc1ccncc1CCc1cnccc1CSc1ccncc1CSc1ccncc1CSc1ccccc1CSc1ccncc1C,24.86982,post
384,Cc1ccccc1CSc1ccncc1CCc1cnccc1CSc1ccccc1CSc1ccncc1CSc1ccncc1CSc1ccncc1CSc1ccncc1CSc1ccncc1CSc1cnccc1CSc1ccncc1CSc1ccncc1CSc1ccncc1CSc1ccncc1C,24.33624,post
385,FCc1ccncc1CSc1ccncc1CSc1ccncc1CCc1cnccc1CSc1ccncc1CCc1cnccc1CSc1ccccc1CSc1ccncc1CSc1ccncc1CCc1cnccc1CSc1ccncc1CSc1ccncc1CSc1ccncc1CSc1ccccc1,23.1747,post
386,Fc1ccccc1CSc1ccncc1CSc1cnccc1CSc1ccccc1CSc1ccncc1CSc1ccccc1CSc1cnccc1CSc1ccncc1CSc1ccncc1CSc1ccncc1CCc1cnccc1CSc1ccccc1CSc1ccccc1CCc1cnccc1C,25.47482,post
387,Cc1ccccc1CSc1ccncc1CSc1ccccc1CCc1cnccc1CSc1ccncc1CSc1ccccc1CSc1ccncc1CSc1ccncc1CSc1ccncc1CSc1ccccc1CSc1ccncc1CSc1ccncc1CSc1ccncc1CCc1cnccc1C,25.03914,post
388,Cc1ccccc1CSc1ccncc1CSc1ccncc1CSc1ccncc1CCc1cnccc1CSc1ccncc1CSc1ccncc1CSc1ccncc1CCc1cnccc1CSc1ccncc1Cc1cnccc1CSc1ccncc1CSc1ccncc1CSc1ccncc1CS,22.64402,post
389,Cc1ccncc1CSc1ccncc1CSc1ccccc1CCc1cnccc1CSc1ccncc1CSc1ccncc1CSc1ccncc1CCc1cnccc1CSc1ccncc1CCc1cnccc1CSc1ccncc1CCc1cnccc1CSc1ccccc1CSc1ccncc1C,22.81494,post
390,Cc1ccccc1CSc1ccccc1CSc1ccncc1CCc1cnccc1CSc1ccccc1CSc1ccncc1CSc1ccccc1CSc1ccncc1CCc1cnccc1CSc1ccncc1CSc1ccncc1CSc1ccccc1CSc1ccncc1CCc1cnccc1C,25.13704,post
391,Cc1ccccc1CSc1ccncc1CSc1ccncc1CCc1cnccc1CSc1ccncc1CSc1ccncc1CSc1ccncc1CSc1ccccc1CSc1ccccc1CSc1ccncc1CCc1cnccc1CSc1ccncc1CSc1ccncc1CSc1ccncc1C,24.43414,post
392,Cc1ccccc1CSc1ccncc1CCc1cnccc1CSc1ccncc1CSc1ccccc1CSc1ccncc1CSc1ccncc1CSc1ccccc1CSc1ccncc1CSc1ccncc1CSc1ccncc1CSc1ccncc1CSc1ccncc1CCc1cnccc1C,24.43414,post
393,Cc1ccccc1CSc1ccncc1CCc1cnccc1CSc1ccncc1CSc1ccncc1CSc1ccncc1CSc1ccncc1CSc1ccncc1CSc1ccncc1CCc1cnccc1CSc1ccncc1Cc1cnccc1CSc1ccncc1CCc1cnccc1CS,22.13692,post
394,Cc1ccccc1CSc1ccncc1CSc1ccncc1CCc1cnccc1CSc1ccncc1CSc1ccncc1CCc1cnccc1CSc1ccncc1CSc1cnccc1CSc1ccccc1CSc1ccncc1CSc1ccccc1CSc1ccncc1CCc1cnccc1C,23.92704,post
395,Fc1ccccc1CSc1ccncc1CSc1cnccc1CSc1ccncc1CSc1ccccc1CSc1ccccc1CCc1cnccc1CSc1ccncc1CSc1ccncc1CSc1ccncc1CSc1ccncc1CCc1cnccc1CSc1ccccc1CSc1ccccc1C,25.47482,post
396,Cc1ccccc1CSc1ccccc1CSc1ccncc1CSc1ccncc1CSc1ccccc1CCc1cnccc1CSc1ccncc1CSc1ccccc1CSc1ccccc1CSc1cnccc1CSc1ccncc1CSc1ccncc1CSc1ccncc1CSc1ccncc1C,26.15124,post
397,Cc1ccccc1CSc1ccncc1CCc1cnccc1CSc1ccncc1CCc1cnccc1CSc1ccncc1CSc1cnccc1CSc1ccccc1CSc1ccncc1CSc1ccncc1CCc1cnccc1CSc1ccncc1CSc1ccncc1CSc1ccncc1C,23.32204,post
398,Oc1ccccc1CSc1ccncc1CSc1ccncc1CCc1ccncc1CSc1ccncc1CSc1ccncc1CSc1ccncc1CSc1ccccc1CSc1ccncc1CSc1ccncc1CSc1cnccc1CSc1ccncc1CSc1ccncc1CSc1ccncc1C,23.73342,post
399,Fc1ccccc1CSc1ccncc1CSc1ccncc1CSc1ccncc1CSc1ccncc1CSc1ccccc1CSc1ccncc1CSc1ccccc1CSc1ccncc1CCc1cnccc1CCc1cnccc1CSc1ccccc1CSc1ccncc1CCc1cnccc1C,24.36272,post
400,c1ccccc1CSc1ccncc1CSc1cnccc1CSc1ccncc1CSc1ccncc1CSc1ccncc1CSc1ccccc1CSc1ccncc1CSc1ccncc1CSc1cnccc1CSc1ccccc1CSc1ccncc1CSc1ccncc1CSc1ccncc1CS,25.2613,post
401,Cc1ccccc1CSc1ccnccc1CSc1ccccc1CSc1ccncc1CCc1cnccc1CSc1ccccc1CSc1ccccc1CSc1ccccc1CSc1ccccc1CSc1ccncc1CCc1cnccc1CSc1ccncc1CSc1ccncc1CSc1ccncc1,0.0,post
402,Fc1ccccc1CSc1ccncc1CSc1ccncc1CSc1cnccc1CCc1cnccc1CSc1ccccc1CSc1ccncc1CSc1ccncc1CSc1ccncc1CSc1cnccc1CSc1ccncc1CSc1ccncc1CSc1ccncc1CSc1ccncc1C,24.16692,post
403,Cc1ccccc1CSc1ccncc1CCc1cnccc1CSc1ccccc1CSc1ccccc1CSc1ccccc1CCc1cnccc1CSc1ccncc1CCc1cnccc1CSc1ccncc1CSc1ccccc1CSc1ccccc1CSc1ccncc1CCc1cnccc1C,25.23494,post
404,c1ccccc1CSc1ccncc1CSc1ccccc1CCc1cnccc1CSc1ccccc1CSc1ccncc1CSc1ccncc1CSc1ccncc1CSc1ccncc1CCc1cnccc1CSc1ccccc1CSc1ccncc1CSc1ccncc1CSc1ccncc1CS,24.8521,post
405,Cc1ccccc1CSc1ccncc1CSc1ccncc1CCc1cnccc1CSc1ccncc1CCc1cnccc1CSc1ccncc1CSc1ccncc1CSc1ccncc1CSc1ccncc1CSc1ccncc1CSc1ccncc1CSc1ccncc1CSc1ccncc1C,23.22414,post
406,Cc1ccccc1CSc1ccncc1CCc1cnccc1CSc1cnccc1CSc1ccncc1CSc1ccncc1CSc1ccncc1CCc1cnccc1CSc1ccncc1CSc1ccncc1CSc1ccncc1CSc1ccncc1CSc1ccncc1CSc1ccncc1C,23.22414,post
407,Cc1ccccc1CSc1ccncc1CCc1cnccc1CSc1cnccc1CSc1ccccc1CSc1ccncc1CSc1ccncc1CSc1ccccc1CCc1cnccc1CSc1ccncc1CSc1ccncc1CSc1ccncc1CSc1ccncc1CSc1ccncc1C,24.43414,post
408,Fc1ccccc1CSc1ccncc1CSc1ccncc1CSc1ccccc1CSc1ccncc1CCc1cnccc1CSc1ccccc1CSc1ccncc1CSc1ccncc1CCc1cnccc1CSc1cnccc1CSc1ccncc1CSc1ccncc1CSc1ccncc1C,24.26482,post
409,FCc1ccncc1CSc1ccncc1CSc1ccncc1CCc1cnccc1CSc1ccncc1CSc1cnccc1CSc1cnccc1CSc1ccncc1CSc1ccncc1CCc1cnccc1CSc1ccccc1CSc1ccncc1CSc1ccccc1CSc1ccncc1,23.6818,post
410,Fc1ccccc1CSc1ccncc1CSc1ccccc1CSc1ccncc1CSc1ccncc1CSc1ccncc1CSc1ccncc1CCc1cnccc1CSc1ccncc1CSc1ccncc1CSc1ccccc1CSc1ccccc1CSc1ccncc1CSc1ccccc1C,25.98192,post
411,Cc1ccccc1CSc1ccncc1Cc1cnccc1CSc1ccncc1CSc1ccccc1CSc1ccncc1CSc1ccncc1CCc1cnccc1CSc1ccccc1CCc1cnccc1CSc1ccncc1CSc1ccncc1CSc1ccncc1CSc1ccncc1CS,23.85402,post
412,Fc1ccccc1CSc1ccncc1CCc1cnccc1CSc1ccncc1CSc1ccncc1CCc1cnccc1CSc1ccncc1CSc1ccncc1CNc1cnccc1CSc1cnccc1Cn1cncc1CSc1ccncc1CCc1cnccc1CSc1ccncc1CCc,0.0,post
413,Fc1ccccc1CSc1ccncc1CSc1ccccc1CSc1ccccc1CSc1ccncc1CCc1cnccc1CSc1ccncc1CSc1ccncc1CSc1ccncc1CSc1ccncc1CSc1ccncc1CSc1ccncc1CSc1ccncc1CCc1cnccc1C,24.26482,post
414,Fc1ccccc1CSc1ccncc1CSc1ccccc1CSc1ccncc1CSc1ccncc1CSc1ccncc1CSc1ccncc1CSc1ccncc1CCc1cnccc1CSc1ccncc1CSc1ccncc1CSc1ccncc1CSc1ccncc1CSc1ccncc1C,24.16692,post
415,Fc1ccccc1CSc1ccccc1CSc1ccncc1CCc1cnccc1CSc1ccncc1CSc1ccncc1CSc1ccncc1CSc1cnccc1CSc1ccncc1CSc1ccncc1CSc1ccncc1CSc1ccncc1CSc1ccncc1CSc1ccccc1C,24.77192,post
416,Fc1ccccc1CSc1ccncc1CSc1ccncc1CCc1cnccc1CSc1ccncc1CSc1ccncc1CSc1ccccc1CSc1ccccc1CSc1ccncc1CSc1ccncc1CCc1cnccc1CSc1ccncc1CSc1cnccc1CSc1ccncc1C,24.26482,post
417,Oc1ccccc1CSc1ccncc1CSc1ccncc1CSc1ccccc1CSc1cnccc1CSc1cnccc1CSc1ccccc1CSc1ccccc1CSc1ccncc1CCc1cnccc1CCc1cnccc1CSc1ccccc1CSc1ccncc1CCc1cnccc1C,24.53422,post
418,Cc1ccccc1CSc1ccncc1CCc1cnccc1CSc1ccncc1CSc1ccncc1CSc1ccncc1CCc1cnccc1CSc1ccncc1CSc1cnccc1CSc1ccncc1CSc1ccncc1CSc1ccncc1CSc1ccccc1CSc1ccccc1C,24.43414,post
419,Oc1ccccc1CSc1ccncc1CSc1ccncc1CCc1cnccc1CSc1ccncc1CSc1ccccc1CSc1ccncc1CSc1ccncc1CSc1ccncc1CSc1ccncc1CSc1ccncc1CSc1ccncc1CSc1ccncc1CCc1cnccc1C,23.22632,post
420,Fc1ccccc1CSc1ccccc1CSc1ccccc1CCc1cnccc1CSc1ccccc1CSc1ccncc1CCc1cnccc1CSc1ccncc1CSc1ccccc1CSc1ccncc1CSc1ccccc1CSc1ccncc1CSc1ccccc1CSc1ccncc1C,26.68482,post
421,Fc1ccccc1CSc1ccncc1CSc1ccncc1CSc1ccncc1CSc1ccncc1CSc1cnccc1CSc1ccncc1CSc1ccncc1CCc1cnccc1CSc1ccncc1CSc1ccncc1CSc1ccncc1CSc1ccncc1CSc1ccccc1C,24.16692,post
422,Cc1ccccc1CSc1ccncc1CSc1ccncc1CSc1ccncc1CCc1cnccc1CSc1ccccc1CCc1cnccc1CSc1ccncc1CSc1ccncc1CSc1ccncc1CSc1ccncc1CSc1ccccc1CSc1ccncc1CSc1ccncc1C,24.43414,post
423,Cc1ccccc1CSc1ccncc1CCc1cnccc1CSc1ccncc1CSc1ccccc1CSc1ccncc1CSc1ccncc1CSc1ccccc1CSc1ccncc1CSc1ccncc1CCc1cnccc1CSc1ccncc1CSc1ccncc1CSc1ccncc1C,24.43414,post
424,Fc1ccccc1CSc1ccncc1CSc1ccccc1CSc1ccccc1CSc1ccncc1CCc1cnccc1CSc1ccncc1CSc1ccncc1CSc1ccncc1CSc1ccccc1CSc1cnccc1CSc1ccncc1CSc1ccncc1CSc1ccncc1C,25.37692,post
425,Fc1ccccc1CSc1cnccc1CSc1ccncc1CSc1ccccc1CSc1ccncc1CSc1ccncc1CCc1cnccc1CSc1ccncc1CSc1ccncc1CSc1ccncc1CCc1cnccc1CSc1ccncc1CSc1ccncc1CSc1ccncc1C,23.65982,post
426,Cc1ccccc1CSc1ccccc1CSc1ccncc1CSc1ccccc1CCc1cnccc1CSc1ccccc1CSc1ccncc1CCc1ccncc1CSc1ccccc1CSc1ccncc1CSc1ccccc1CSc1ccncc1CSc1ccncc1CCc1cnccc1C,25.74204,post
427,Cc1ccccc1CSc1ccncc1CSc1ccccc1CSc1ccccc1CSc1ccncc1CCc1cnccc1CSc1ccncc1CCc1cnccc1CSc1ccncc1CSc1ccncc1CSc1ccccc1CSc1ccccc1CSc1ccncc1CSc1ccncc1C,25.64414,post
428,Fc1ccccc1CSc1ccncc1CSc1cnccc1CCc1cnccc1CSc1ccccc1CSc1ccncc1CSc1ccncc1CSc1ccncc1CSc1ccncc1CSc1ccncc1CSc1ccncc1CSc1ccncc1CSc1ccncc1CSc1ccncc1C,24.16692,post
429,Cc1ccccc1CSc1ccncc1CCc1cnccc1CSc1cnccc1CSc1ccncc1CSc1ccncc1CSc1ccncc1CCc1cnccc1CSc1ccncc1CSc1ccncc1CSc1ccncc1CCc1cnccc1CSc1ccccc1CSc1ccncc1C,23.32204,post
430,Fc1ccccc1CSc1ccncc1CCc1cnccc1CSc1ccncc1CSc1ccncc1CSc1ccncc1CSc1ccncc1CSc1ccncc1CSc1ccncc1CSc1cnccc1CCc1cnccc1CSc1ccncc1CSc1ccncc1CSc1ccncc1C,23.05482,post
431,Cc1ccccc1CSc1ccncc1CCc1cnccc1CSc1cnccc1CSc1ccncc1CSc1ccccc1CCc1cnccc1CSc1ccncc1CSc1ccncc1CCc1cnccc1CSc1ccccc1CSc1ccncc1CSc1ccncc1CSc1ccncc1C,23.92704,post
432,Cc1ccccc1CSc1ccncc1CSc1ccncc1CCc1cnccc1CSc1ccncc1CSc1ccccc1CSc1ccncc1CSc1ccccc1CSc1ccncc1CSc1ccncc1CCc1cnccc1CSc1ccncc1CSc1cnccc1CSc1ccncc1C,24.43414,post
433,Cc1ccccc1CSc1ccncc1CCc1cnccc1CSc1ccncc1Cc1cnccc1CSc1ccncc1CSc1ccncc1CSc1ccncc1CSc1ccncc1CSc1ccncc1CSc1ccncc1CCc1cnccc1CSc1ccncc1CSc1ccncc1CS,22.64402,post
434,Cc1ccccc1CSc1ccncc1CCc1cnccc1CSc1cnccc1CSc1ccncc1CSc1ccncc1CCc1cnccc1CSc1ccncc1CSc1ccncc1CSc1ccncc1CSc1ccccc1CSc1ccncc1CSc1ccncc1CSc1ccncc1C,23.82914,post
435,Fc1ccccc1CSc1ccncc1CSc1ccccc1CSc1ccncc1CSc1ccncc1CSc1ccncc1CCc1cnccc1CSc1ccncc1CSc1ccncc1CSc1ccncc1CSc1ccncc1CSc1ccncc1CCc1cnccc1CSc1ccncc1C,23.65982,post
436,c1ccccc1CSc1ccncc1CSc1ccccc1CSc1ccncc1CCc1cnccc1CSc1ccccc1CSc1ccccc1CCc1cnccc1CSc1ccncc1CSc1ccncc1CSc1cnccc1CSc1ccccc1CCc1cnccc1CSc1cnccc1CS,24.95,post
437,Cc1ccccc1CSc1ccncc1CSc1ccncc1CSc1ccncc1CSc1ccccc1CSc1ccncc1CCc1cnccc1CSc1ccncc1CSc1cnccc1CSc1ccncc1CSc1ccncc1CSc1ccncc1CSc1ccncc1CCc1cnccc1C,23.82914,post
438,Cc1ccccc1CSc1ccncc1CSc1ccncc1CSc1ccncc1CCc1cnccc1CSc1ccncc1CSc1ccccc1CSc1ccncc1CSc1ccncc1CSc1ccncc1CSc1ccncc1CCc1cnccc1CSc1ccncc1CSc1ccncc1C,23.82914,post
439,Fc1ccccc1CSc1ccncc1CCc1cnccc1CSc1ccncc1CSc1ccncc1CSc1ccccc1CSc1ccncc1CSc1ccncc1CSc1ccccc1Cc1cnccc1Cc1cnccc1CSc1ccccc1CSc1ccncc1CCc1cnccc1CSc,0.0,post
440,Cc1ccccc1CSc1ccncc1CSc1ccccc1CSc1ccncc1CSc1ccccc1CSc1ccncc1CCc1cnccc1CSc1ccccc1CSc1ccncc1CSc1ccncc1CSc1ccncc1Cc1cnccc1CSc1ccncc1CSc1ccccc1CS,25.57112,post
441,Fc1ccccc1CSc1ccncc1CSc1ccccc1CSc1ccccc1CCc1cnccc1CSc1ccncc1CSc1ccncc1Cc1cnccc1CSc1ccccc1CSc1ccncc1CSc1ccncc1CSc1ccncc1CSc1ccncc1CSc1ccncc1CS,24.7968,post
442,Fc1ccccc1CSc1ccncc1CSc1ccccc1CCc1cnccc1CSc1ccncc1CSc1ccncc1CSc1ccncc1CSc1ccncc1CSc1ccncc1CSc1ccncc1CSc1ccncc1CSc1ccncc1CSc1ccncc1CSc1ccncc1C,24.16692,post
443,Fc1ccccc1CSc1ccncc1CSc1ccncc1CCc1cnccc1CSc1ccncc1CSc1ccncc1CSc1ccncc1CSc1ccncc1CSc1ccncc1CSc1ccncc1CSc1ccccc1CCc1ccncc1CSc1ccncc1CSc1ccncc1C,23.65982,post
444,Cc1ccccc1CSc1ccncc1CSc1ccccc1CCc1cnccc1CSc1ccncc1CSc1ccncc1CSc1ccccc1CSc1ccncc1CSc1ccncc1CSc1ccncc1CSc1ccncc1CSc1ccccc1CSc1ccncc1CSc1ccncc1C,25.54624,post
445,Fc1ccccc1CSc1ccncc1CSc1ccncc1CCc1cnccc1CSc1ccccc1CSc1ccncc1CSc1ccccc1CSc1ccncc1CCc1cnccc1CSc1ccccc1CSc1ccncc1CCc1cnccc1CSc1ccccc1CSc1ccncc1C,24.96772,post
446,Fc1ccccc1CSc1ccncc1CSc1ccccc1CSc1ccncc1CCc1cnccc1CSc1ccccc1CSc1ccncc1CCc1cnccc1CSc1ccccc1CSc1ccncc1CSc1ccncc1CSc1ccncc1CSc1ccncc1CSc1ccncc1C,24.86982,post
447,Cc1ccccc1CSc1ccncc1CSc1ccncc1CSc1ccccc1CCc1cnccc1CSc1ccncc1CSc1ccncc1CSc1ccncc1CSc1ccncc1CSc1ccccc1CSc1ccccc1CSc1ccncc1CSc1ccncc1CSc1ccncc1C,25.54624,post
448,Cc1ccccc1CSc1ccncc1CSc1ccncc1CSc1ccncc1CSc1ccncc1CSc1ccccc1Cc1ccncc1CCc1cnccc1CSc1ccncc1CCc1cnccc1CSc1ccncc1CSc1ccccc1CCc1cnccc1CSc1ccncc1CS,23.34692,post
449,Cc1ccccc1CSc1ccncc1CSc1ccncc1CCc1cnccc1CSc1ccccc1CSc1ccccc1CSc1ccncc1CSc1ccncc1CSc1ccccc1CSc1ccncc1CCc1cnccc1CSc1ccncc1CSc1ccncc1CSc1ccncc1C,25.03914,post
450,Fc1ccccc1CSc1ccncc1CCc1cnccc1CSc1ccncc1CSc1ccncc1CSc1ccncc1CSc1ccncc1CSc1ccncc1CSc1ccncc1CCc1cnccc1CCc1cnccc1CSc1ccncc1CSc1ccncc1CSc1ccncc1C,22.54772,post
451,Cc1ccccc1CSc1ccncc1CCc1cnccc1CSc1ccncc1CSc1ccncc1CCc1cnccc1CSc1ccccc1CCc1cnccc1CSc1ccccc1CSc1ccncc1CSc1ccncc1CSc1ccccc1CSc1ccncc1CSc1ccncc1C,24.53204,post
452,c1ccccc1CSc1ccncc1CCc1cnccc1CSc1ccccc1CSc1ccccc1CSc1ccncc1CSc1ccncc1CSc1ccncc1CSc1ccncc1CNc1ccncc1CSc1ccccc1CSc1cnccc1CSc1ccccc1CSc1ccccc1CS,25.889,post
453,Cc1ccccc1CCc1cnccc1CSc1ccncc1CSc1ccncc1CCc1cnccc1CSc1ccncc1CSc1ccncc1CSc1ccncc1CSc1ccncc1CSc1ccncc1CSc1ccncc1CCc1cnccc1CSc1ccncc1CSc1ccncc1C,22.71704,post
454,Fc1ccccc1CSc1ccncc1CSc1ccccc1CSc1ccccc1CSc1ccccc1CCc1cnccc1CSc1ccccc1CSc1ccncc1CSc1ccncc1CCc1cnccc1CSc1ccncc1CSc1ccncc1CSc1cnccc1CSc1ccccc1C,26.07982,post
455,Cc1ccccc1CSc1ccncc1CSc1ccccc1CSc1ccccc1CSc1ccncc1CSc1ccncc1CSc1ccccc1CSc1ccncc1CSc1ccncc1CSc1ccncc1CSc1ccncc1CCc1cnccc1CSc1ccncc1CSc1ccccc1C,26.15124,post
456,Fc1ccccc1CSc1ccncc1CSc1ccccc1CSc1ccncc1CSc1ccccc1CSc1ccncc1CSc1ccncc1CSc1ccncc1CSc1ccncc1CSc1ccncc1Cc1cnccc1CSc1ccncc1CSc1ccncc1CSc1ccncc1CS,24.6989,post
457,c1ccccc1CSc1ccncc1CCc1cnccc1CSc1ccccc1CSc1ccccc1CSc1ccncc1CSc1ccccc1CSc1ccccc1CSc1ccncc1CSc1ccncc1CSc1ccncc1CSc1ccncc1CSc1ccncc1CSc1ccncc1CS,25.9642,post
458,Cc1ccccc1CSc1ccncc1CCc1cnccc1CSc1ccccc1CSc1ccncc1CSc1ccccc1CSc1cnccc1CSc1ccccc1CSc1ccccc1CSc1ccncc1CSc1ccccc1CSc1ccccc1CSc1ccncc1CSc1ccncc1C,27.36124,post
459,Fc1ccccc1CSc1ccccc1CSc1ccccc1CSc1ccncc1CSc1ccncc1CSc1ccccc1CCc1cnccc1CSc1ccccc1CSc1ccncc1CSc1ccncc1Cc1cnccc1CSc1ccncc1CSc1ccncc1CSc1ccncc1CS,25.4018,post
460,Cc1ccccc1CSc1ccncc1CSc1ccncc1CCc1cnccc1CSc1ccncc1CSc1ccncc1CSc1ccncc1CSc1ccncc1CCc1cnccc1CSc1ccccc1CSc1ccncc1CSc1ccncc1CSc1ccncc1CSc1ccncc1C,23.82914,post
461,Cc1ccccc1CSc1ccncc1CCc1cnccc1CSc1ccncc1CSc1ccncc1CSc1ccccc1CSc1ccncc1CSc1ccncc1CSc1ccncc1CSc1ccncc1CSc1ccncc1CCc1cnccc1CSc1ccccc1CSc1cnccc1C,24.43414,post
462,Cc1ccccc1CSc1ccncc1CCc1cnccc1CSc1ccncc1CSc1ccncc1CSc1ccncc1CSc1ccccc1CSc1ccccc1CSc1ccncc1CSc1ccncc1CCc1cnccc1CSc1ccncc1CSc1ccncc1CSc1ccncc1C,24.43414,post
463,Fc1ccccc1CSc1cnccc1CSc1ccccc1CSc1ccncc1CSc1ccncc1CSc1ccncc1CCc1cnccc1CSc1ccncc1CSc1ccncc1CSc1ccncc1CSc1ccncc1CSc1ccncc1CSc1ccccc1CSc1ccncc1C,24.77192,post
464,Oc1ccccc1CSc1ccncc1CSc1ccncc1CSc1ccncc1CCc1ccncc1CSc1ccccc1CSc1ccccc1CSc1ccncc1CSc1ccncc1CSc1ccncc1CSc1ccncc1CSc1ccncc1CSc1ccncc1CSc1ccncc1C,24.33842,post
465,Fc1ccccc1CSc1ccncc1CCc1ccncc1CSc1ccncc1CSc1ccncc1CSc1ccncc1CSc1ccncc1CSc1ccccc1CSc1ccncc1CSc1ccccc1CSc1ccncc1CCc1cnccc1CSc1ccncc1CSc1cnccc1C,24.26482,post
466,Fc1ccccc1CSc1ccncc1CCc1cnccc1CSc1ccncc1CSc1ccncc1CSc1ccncc1CSc1ccncc1CSc1ccncc1CCc1cnccc1CSc1ccncc1CSc1ccncc1CSc1ccncc1CSc1ccncc1CSc1ccncc1C,23.05482,post
467,Cc1ccccc1CSc1ccncc1CSc1ccncc1CSc1ccncc1CSc1ccncc1CSc1ccccc1CSc1ccncc1CCc1cnccc1CSc1ccccc1CSc1ccncc1CSc1ccncc1CCc1cnccc1CSc1ccncc1CSc1ccncc1C,24.43414,post
468,Fc1ccccc1CSc1ccccc1CSc1ccncc1CSc1ccncc1CCc1ccncc1CSc1ccncc1CSc1ccccc1CSc1ccncc1CSc1ccncc1CSc1ccccc1CCc1cnccc1CSc1ccccc1CSc1ccncc1CSc1ccncc1C,25.47482,post
469,Fc1ccccc1CSc1ccncc1CSc1ccncc1CSc1ccncc1CSc1ccncc1CCc1cnccc1CSc1ccncc1CSc1ccncc1CSc1ccncc1CSc1cnccc1CSc1ccccc1CSc1ccncc1CSc1ccncc1CSc1ccncc1C,24.16692,post
470,Cc1ccccc1CSc1ccncc1CSc1ccccc1CSc1ccncc1CSc1ccncc1CSc1ccncc1CCc1cnccc1CSc1ccncc1Cc1cnccc1CSc1ccccc1CCc1cnccc1CSc1ccncc1CSc1ccncc1CSc1ccncc1CS,23.85402,post
471,Oc1ccccc1CSc1ccncc1CCc1ccncc1CSc1ccncc1CSc1ccncc1CCc1cnccc1CSc1ccncc1CSc1ccccc1CSc1ccncc1CSc1ccncc1CSc1ccncc1CSc1ccncc1CSc1ccncc1CCc1cnccc1C,22.71922,post
472,Fc1ccccc1CSc1ccncc1CCc1cnccc1CSc1ccncc1CSc1ccncc1CSc1cnccc1CSc1ccncc1CSc1ccncc1CCc1cnccc1CSc1ccncc1CSc1ccccc1CSc1ccncc1CSc1ccccc1CSc1ccncc1C,24.26482,post
473,Cc1ccccc1CSc1ccncc1CCc1cnccc1CSc1cnccc1CSc1ccccc1CSc1ccccc1CCc1cnccc1CSc1cnccc1CSc1ccncc1CSc1ccncc1CSc1ccncc1CCc1cnccc1CSc1ccncc1CSc1ccncc1C,23.92704,post
474,Fc1ccccc1CSc1ccncc1CSc1ccccc1CCc1cnccc1CSc1cnccc1CSc1ccncc1CSc1ccncc1CSc1ccncc1CSc1ccncc1CSc1ccncc1CSc1ccncc1CSc1ccncc1CSc1ccncc1CSc1ccncc1C,24.16692,post
475,Cc1ccccc1CSc1ccncc1CSc1cnccc1CSc1ccncc1CCc1cnccc1CSc1ccncc1CCc1cnccc1CSc1ccncc1CSc1ccncc1CSc1ccncc1CSc1ccncc1CSc1ccncc1CSc1ccncc1CSc1ccncc1C,23.22414,post
476,Fc1ccccc1CSc1ccccc1CCc1cnccc1CSc1ccccc1CSc1ccccc1CCc1cnccc1CSc1ccncc1CSc1ccncc1CSc1ccccc1CSc1ccncc1CSc1ccncc1CSc1ccncc1CSc1ccncc1CCc1cnccc1C,24.96772,post
477,Fc1ccccc1CSc1ccncc1CCc1cnccc1CSc1ccncc1CSc1ccncc1CSc1ccncc1CSc1ccncc1CSc1ccncc1CSc1ccncc1CCc1cnccc1CSc1ccncc1CSc1ccccc1CSc1ccncc1CSc1ccncc1C,23.65982,post
478,Cc1ccccc1CSc1ccncc1CSc1ccccc1CSc1ccncc1CSc1ccncc1CCc1cnccc1CSc1ccncc1CSc1ccccc1CSc1ccncc1CSc1ccncc1Cc1ccncc1CSc1ccncc1CCc1cnccc1CSc1ccncc1CS,23.85402,post
479,Fc1ccccc1CSc1ccncc1CCc1cnccc1CSc1ccncc1CSc1ccncc1CSc1ccncc1CSc1ccncc1CSc1ccncc1CCc1cnccc1CSc1ccccc1CSc1ccncc1CSc1cnccc1CSc1ccccc1CSc1ccncc1C,24.26482,post
480,Fc1ccccc1CSc1ccncc1CSc1ccncc1CSc1ccncc1CCc1cnccc1CSc1ccncc1CSc1ccncc1CSc1cnccc1CSc1ccncc1CSc1ccccc1CSc1ccccc1CSc1ccccc1CSc1ccncc1CCc1cnccc1C,24.86982,post
481,Cc1ccccc1CSc1ccncc1CSc1cnccc1CSc1ccccc1CSc1ccncc1CSc1ccncc1CSc1ccncc1CCc1cnccc1CSc1ccncc1CSc1ccccc1CSc1ccncc1CCc1cnccc1CSc1ccncc1CSc1ccncc1C,24.43414,post
482,Fc1ccccc1CSc1ccncc1CSc1ccncc1CCc1cnccc1CSc1ccccc1CSc1ccncc1CCc1cnccc1CSc1ccncc1Cc1cnccc1CSc1ccncc1CSc1ccncc1CCc1cnccc1CSc1ccncc1CSc1ccncc1CS,22.5726,post
483,Cc1ccccc1CSc1ccncc1CCc1cnccc1CSc1ccncc1CCc1cnccc1CSc1ccncc1CSc1ccncc1CSc1ccncc1CSc1ccncc1CSc1ccncc1CCc1cnccc1CSc1ccccc1CSc1ccccc1CSc1ccncc1C,23.92704,post
484,Fc1ccccc1CSc1ccncc1CSc1ccccc1CSc1ccccc1CCc1cnccc1CSc1cnccc1CSc1ccncc1CSc1ccncc1CCc1cnccc1CSc1ccccc1CSc1ccncc1CCc1cnccc1CSc1ccncc1CSc1ccncc1C,24.36272,post
485,c1ccccc1CSc1ccncc1CSc1ccccc1CSc1ccccc1CSc1ccccc1CSc1ccncc1CSc1ccncc1CCc1cnccc1CSc1ccncc1CSc1ccccc1CSc1ccncc1CSc1ccncc1CSc1ccncc1CSc1ccncc1CS,25.9642,post
486,Fc1ccccc1CSc1ccncc1CCc1cnccc1CSc1ccncc1CSc1ccncc1CCc1cnccc1CSc1ccccc1CSc1ccncc1CCc1cnccc1CSc1ccccc1CSc1ccncc1CSc1ccncc1CSc1ccncc1CCc1cnccc1C,23.25062,post
487,Fc1ccccc1CSc1ccncc1CCc1cnccc1CSc1ccncc1CSc1ccncc1CSc1ccncc1CSc1ccncc1CSc1ccncc1CSc1ccncc1CSc1ccncc1CSc1ccccc1CSc1ccncc1CSc1ccncc1CSc1ccncc1C,24.16692,post
488,Cc1ccccc1CSc1ccncc1CCc1cnccc1CSc1cnccc1CSc1cnccc1CSc1ccncc1CSc1ccccc1CSc1cnccc1CSc1ccncc1CSc1ccncc1CSc1ccccc1CSc1ccncc1CSc1ccncc1CSc1ccncc1C,24.94124,post
489,Fc1ccccc1CSc1ccncc1CSc1ccccc1CSc1ccncc1CSc1ccccc1CSc1ccncc1CSc1ccncc1CSc1ccncc1CSc1ccncc1CSc1ccncc1CCc1cnccc1CSc1ccncc1CSc1ccncc1CSc1ccncc1C,24.77192,post
490,Fc1ccccc1CSc1ccncc1CCc1cnccc1CSc1ccncc1CSc1ccccc1CSc1ccncc1CSc1ccccc1CSc1ccncc1CSc1ccncc1CSc1ccncc1CSc1ccncc1CSc1ccncc1CSc1ccncc1CSc1ccncc1C,24.77192,post
491,Cc1ccncc1CSc1ccncc1CCc1cnccc1CSc1ccccc1CSc1cnccc1CSc1ccncc1CSc1ccccc1CSc1ccncc1CSc1ccncc1CCc1cnccc1CSc1ccncc1CSc1ccncc1CSc1ccccc1CSc1ccccc1C,25.03914,post
492,Cc1ccccc1CSc1ccncc1CSc1ccncc1CSc1ccncc1CCc1cnccc1CSc1ccccc1CSc1ccncc1CSc1ccncc1CSc1ccncc1CCc1cnccc1CSc1ccccc1CSc1ccncc1CCc1cnccc1CSc1ccccc1C,24.53204,post
493,Fc1ccccc1CSc1ccncc1CCc1cnccc1CSc1ccncc1CSc1ccncc1CSc1ccncc1CCc1cnccc1CSc1ccncc1CCc1cnccc1CSc1ccccc1CSc1ccncc1CSc1ccncc1CSc1ccncc1CSc1ccncc1C,23.15272,post
494,Cc1ccccc1CSc1ccccc1CSc1ccccc1CCc1cnccc1CSc1ccncc1CSc1ccccc1CSc1ccncc1CSc1ccncc1CSc1ccncc1CSc1ccncc1CSc1ccncc1CSc1ccncc1CCc1cnccc1CSc1ccncc1C,25.03914,post
495,Fc1ccccc1CSc1ccncc1CCc1cnccc1CSc1ccncc1CSc1ccccc1CCc1ccncc1CSc1ccncc1CSc1cnccc1CSc1cnccc1CSc1ccccc1CSc1ccncc1CSc1ccncc1CSc1ccncc1CCc1cnccc1C,23.75772,post
496,Fc1ccccc1CSc1ccncc1CCc1cnccc1CSc1ccncc1CSc1ccccc1CSc1ccccc1CSc1ccccc1CSc1ccncc1CSc1ccncc1CSc1ccncc1CSc1ccncc1CSc1ccncc1CSc1ccncc1CSc1ccncc1C,25.37692,post
497,Fc1ccccc1CSc1ccncc1CSc1ccncc1CSc1ccccc1CSc1ccncc1CSc1ccccc1CCc1cnccc1CSc1ccncc1CSc1ccncc1CSc1ccccc1CSc1ccccc1CSc1ccncc1CSc1ccncc1CSc1ccncc1C,25.98192,post
498,Cc1ccccc1CSc1ccncc1CSc1ccccc1CSc1ccccc1CSc1ccncc1CSc1ccncc1CSc1cnccc1CSc1ccccc1CCc1cnccc1CSc1ccncc1CSc1ccncc1CSc1ccccc1CSc1ccncc1CCc1cnccc1C,25.64414,post
499,c1ccccc1CSc1ccncc1CSc1ccccc1CCc1cnccc1CSc1ccccc1CSc1ccncc1CSc1ccncc1CSc1ccccc1CSc1ccncc1CSc1ccncc1CCc1cnccc1CSc1ccncc1CSc1ccncc1CSc1ccncc1CS,24.8521,post
500,Cc1ccccc1CSc1ccncc1CCc1cnccc1CSc1ccncc1CCc1cnccc1CSc1ccncc1CSc1ccncc1CSc1ccncc1CCc1cnccc1CSc1ccncc1CSc1ccccc1CSc1ccncc1CSc1ccncc1CCc1cnccc1C,22.81494,post
501,Cc1ccccc1CSc1ccncc1CCc1cnccc1CSc1ccccc1CCc1cnccc1CSc1ccncc1CSc1ccncc1CSc1ccncc1CSc1ccncc1CSc1ccncc1CSc1ccccc1CSc1ccccc1CSc1ccncc1CSc1ccncc1C,25.03914,post
502,Fc1ccccc1CSc1ccncc1CCc1cnccc1CSc1ccncc1CSc1ccncc1CSc1ccncc1CSc1ccncc1CSc1ccccc1CSc1ccncc1CSc1cnccc1CCc1cnccc1CSc1ccccc1CSc1ccncc1CSc1ccncc1C,24.26482,post
503,Fc1ccccc1CSc1ccccc1CSc1ccccc1CSc1ccncc1CCc1cnccc1CSc1ccccc1CSc1ccccc1CSc1cnccc1CSc1ccccc1CSc1ccncc1CSc1ccncc1CSc1ccncc1CSc1ccncc1CSc1ccccc1C,27.19192,post
504,Cc1ccccc1CSc1ccncc1CSc1ccncc1CCc1cnccc1CSc1ccccc1CSc1cnccc1CSc1ccncc1CCc1cnccc1CSc1ccncc1CSc1ccncc1CSc1ccncc1CSc1ccncc1CCc1cnccc1CSc1ccncc1C,23.32204,post
505,Brc1ccncc1CSc1ccncc1CCc1cnccc1CSc1ccncc1CSc1ccncc1CSc1ccccc1CSc1ccncc1CSc1ccncc1CSc1ccncc1CSc1ccncc1CSc1ccncc1CSc1cnccc1CSc1ccncc1CSc1ccncc1C,24.18532,post
506,Cc1ccccc1CSc1ccccc1CCc1cnccc1CSc1ccncc1CSc1ccccc1CSc1ccccc1CSc1ccncc1CSc1ccncc1CSc1ccncc1CSc1ccccc1CSc1ccncc1CSc1ccccc1CSc1ccncc1CSc1ccncc1C,26.75624,post
507,Fc1ccccc1CSc1ccncc1CSc1ccncc1CSc1ccncc1CSc1cnccc1CSc1ccncc1CSc1ccncc1CSc1ccncc1CSc1ccccc1CSc1ccncc1CSc1ccncc1CSc1ccncc1CSc1ccncc1CCc1cnccc1C,24.16692,post
508,Cc1ccccc1CSc1ccncc1CCc1ccncc1CSc1ccncc1Cc1cnccc1CSc1ccncc1CSc1ccncc1CSc1ccncc1CCc1cnccc1CSc1ccncc1CSc1ccncc1CCc1cnccc1CSc1ccncc1CSc1ccncc1CS,22.13692,post
509,Fc1ccccc1CSc1ccccc1CSc1ccncc1CSc1ccccc1CSc1ccncc1CCc1cnccc1CSc1ccncc1CSc1ccncc1CSc1ccccc1CSc1ccncc1CSc1ccncc1CSc1ccncc1CSc1ccncc1CSc1ccncc1C,25.37692,post
510,Cc1ccccc1CCc1cnccc1CSc1ccncc1CCc1cnccc1CSc1ccncc1CCc1cnccc1CSc1ccncc1CSc1ccncc1CCc1ccncc1CSc1cnccc1CSc1ccncc1CSc1ccncc1CSc1ccncc1CSc1ccccc1C,22.81494,post
511,Fc1ccccc1CSc1ccncc1CSc1ccccc1CSc1ccncc1CSc1ccncc1CCc1cnccc1CSc1ccccc1CSc1ccccc1CSc1ccncc1CSc1ccncc1CSc1ccncc1CSc1ccncc1CSc1ccncc1CSc1ccncc1C,25.37692,post
